{"resourceType":"ValueSet","id":"eclaire-study-status-vs","meta":{"profile":["http://hl7.org/fhir/StructureDefinition/shareablevalueset"]},"text":{"status":"generated","div":"<div xmlns=\"http://www.w3.org/1999/xhtml\"><p class=\"res-header-id\"><b>Narratif généré : EnsembleValeurs eclaire-study-status-vs</b></p><a name=\"eclaire-study-status-vs\"> </a><a name=\"hceclaire-study-status-vs\"> </a><div style=\"display: inline-block; background-color: #d9e0e7; padding: 6px; margin: 4px; border: 1px solid #8da1b4; border-radius: 5px; line-height: 60%\"><p style=\"margin-bottom: 0px\"/><p style=\"margin-bottom: 0px\">Profil: <a href=\"http://hl7.org/fhir/R4/shareablevalueset.html\">Shareable ValueSet</a></p></div><ul><li>Include tous les codes définis dans <a href=\"CodeSystem-eclaire-study-status-code-system.html\"><code>https://interop.esante.gouv.fr/ig/fhir/eclaire/CodeSystem/eclaire-study-status-code-system</code></a></li></ul></div>"},"url":"https://interop.esante.gouv.fr/ig/fhir/eclaire/ValueSet/eclaire-study-status-vs","version":"0.3.1","name":"EclaireStudyStatusVS","title":"Value Set Statut Eclaire de l'essai","status":"draft","experimental":true,"date":"2025-07-18T16:34:27+00:00","publisher":"ANS","contact":[{"name":"ANS","telecom":[{"system":"url","value":"https://esante.gouv.fr"}]}],"description":"Value Set Statut Eclaire de l'essai clinique.","jurisdiction":[{"coding":[{"system":"urn:iso:std:iso:3166","code":"FR","display":"FRANCE"}]}],"compose":{"include":[{"system":"https://interop.esante.gouv.fr/ig/fhir/eclaire/CodeSystem/eclaire-study-status-code-system"}]}}