<?xml version="1.0" encoding="UTF-8"?>

<ValueSet xmlns="http://hl7.org/fhir">
  <id value="eclaire-study-title-type-vs"/>
  <meta>
    <profile value="http://hl7.org/fhir/StructureDefinition/shareablevalueset"/>
  </meta>
  <text>
    <status value="generated"/><div xmlns="http://www.w3.org/1999/xhtml"><p class="res-header-id"><b>Narratif généré : EnsembleValeurs eclaire-study-title-type-vs</b></p><a name="eclaire-study-title-type-vs"> </a><a name="hceclaire-study-title-type-vs"> </a><div style="display: inline-block; background-color: #d9e0e7; padding: 6px; margin: 4px; border: 1px solid #8da1b4; border-radius: 5px; line-height: 60%"><p style="margin-bottom: 0px"/><p style="margin-bottom: 0px">Profil: <a href="http://hl7.org/fhir/R4/shareablevalueset.html">Shareable ValueSet</a></p></div><ul><li>Include tous les codes définis dans <a href="CodeSystem-eclaire-study-title-type-code-system.html"><code>https://interop.esante.gouv.fr/ig/fhir/eclaire/CodeSystem/eclaire-study-title-type-code-system</code></a></li></ul></div>
  </text>
  <url value="https://interop.esante.gouv.fr/ig/fhir/eclaire/ValueSet/eclaire-study-title-type-vs"/>
  <version value="0.3.1"/>
  <name value="EclaireStudyTitleTypetVS"/>
  <title value="Type de titre Value Set"/>
  <status value="draft"/>
  <experimental value="true"/>
  <date value="2025-07-24T16:28:48+00:00"/>
  <publisher value="ANS"/>
  <contact>
    <name value="ANS"/>
    <telecom>
      <system value="url"/>
      <value value="https://esante.gouv.fr"/>
    </telecom>
  </contact>
  <description value="Type de titre pour les essais cliniques Value Set (inspiré du Value Set de R5 : https://hl7.org/fhir/valueset-title-type.html)"/>
  <jurisdiction>
    <coding>
      <system value="urn:iso:std:iso:3166"/>
      <code value="FR"/>
      <display value="FRANCE"/>
    </coding>
  </jurisdiction>
  <compose>
    <include>
      <system value="https://interop.esante.gouv.fr/ig/fhir/eclaire/CodeSystem/eclaire-study-title-type-code-system"/>
    </include>
  </compose>
</ValueSet>