{"resourceType":"ImplementationGuide","id":"ans.fhir.fr.eclaire","text":{"status":"generated","div":"<div xmlns=\"http://www.w3.org/1999/xhtml\"><p class=\"res-header-id\"><b>Narratif généré : ImplementationGuide ans.fhir.fr.eclaire</b></p><a name=\"ans.fhir.fr.eclaire\"> </a><a name=\"hcans.fhir.fr.eclaire\"> </a><h2>ECLAIRE</h2><p>LURL officielle pour ce guide dimplémentation est : </p><pre>https://interop.esante.gouv.fr/ig/fhir/eclaire/ImplementationGuide/ans.fhir.fr.eclaire</pre><div><p>Implementation Guide pour définir l'API FHIR pour ECLAIRE (Essais CLiniques Accessibles Interconnectés pour la Recherche ouverts à l'Ecosystème)</p>\n</div></div>"},"url":"https://interop.esante.gouv.fr/ig/fhir/eclaire/ImplementationGuide/ans.fhir.fr.eclaire","version":"0.3.1","name":"ECLAIRE","title":"Essais CLiniques Accessibles Interconnectés pour la Recherche ouverts à l'Ecosystème","status":"draft","date":"2025-07-21T16:40:50+00:00","publisher":"ANS","contact":[{"name":"ANS","telecom":[{"system":"url","value":"https://esante.gouv.fr"}]}],"description":"Implementation Guide pour définir l'API FHIR pour ECLAIRE (Essais CLiniques Accessibles Interconnectés pour la Recherche ouverts à l'Ecosystème)","jurisdiction":[{"coding":[{"system":"urn:iso:std:iso:3166","code":"FR","display":"FRANCE"}]}],"packageId":"ans.fhir.fr.eclaire","license":"CC0-1.0","fhirVersion":["4.0.1"],"dependsOn":[{"id":"hl7tx","extension":[{"url":"http://hl7.org/fhir/tools/StructureDefinition/implementationguide-dependency-comment","valueMarkdown":"Automatically added as a dependency - all IGs depend on HL7 Terminology"}],"uri":"http://terminology.hl7.org/ImplementationGuide/hl7.terminology","packageId":"hl7.terminology.r4","version":"6.5.0"},{"id":"hl7ext","extension":[{"url":"http://hl7.org/fhir/tools/StructureDefinition/implementationguide-dependency-comment","valueMarkdown":"Automatically added as a dependency - all IGs depend on the HL7 Extension Pack"}],"uri":"http://hl7.org/fhir/extensions/ImplementationGuide/hl7.fhir.uv.extensions","packageId":"hl7.fhir.uv.extensions.r4","version":"5.2.0"}],"definition":{"extension":[{"extension":[{"url":"code","valueString":"copyrightyear"},{"url":"value","valueString":"2020+"}],"url":"http://hl7.org/fhir/tools/StructureDefinition/ig-parameter"},{"extension":[{"url":"code","valueString":"releaselabel"},{"url":"value","valueString":"ci-build"}],"url":"http://hl7.org/fhir/tools/StructureDefinition/ig-parameter"},{"extension":[{"url":"code","valueString":"shownav"},{"url":"value","valueString":"true"}],"url":"http://hl7.org/fhir/tools/StructureDefinition/ig-parameter"},{"extension":[{"url":"code","valueString":"autoload-resources"},{"url":"value","valueString":"true"}],"url":"http://hl7.org/fhir/tools/StructureDefinition/ig-parameter"},{"extension":[{"url":"code","valueString":"path-liquid"},{"url":"value","valueString":"template/liquid"}],"url":"http://hl7.org/fhir/tools/StructureDefinition/ig-parameter"},{"extension":[{"url":"code","valueString":"path-liquid"},{"url":"value","valueString":"input/liquid"}],"url":"http://hl7.org/fhir/tools/StructureDefinition/ig-parameter"},{"extension":[{"url":"code","valueString":"path-qa"},{"url":"value","valueString":"temp/qa"}],"url":"http://hl7.org/fhir/tools/StructureDefinition/ig-parameter"},{"extension":[{"url":"code","valueString":"path-temp"},{"url":"value","valueString":"temp/pages"}],"url":"http://hl7.org/fhir/tools/StructureDefinition/ig-parameter"},{"extension":[{"url":"code","valueString":"path-output"},{"url":"value","valueString":"output"}],"url":"http://hl7.org/fhir/tools/StructureDefinition/ig-parameter"},{"extension":[{"url":"code","valueString":"path-suppressed-warnings"},{"url":"value","valueString":"input/ignoreWarnings.txt"}],"url":"http://hl7.org/fhir/tools/StructureDefinition/ig-parameter"},{"extension":[{"url":"code","valueString":"path-history"},{"url":"value","valueString":"https://interop.esante.gouv.fr/ig/fhir/eclaire/history.html"}],"url":"http://hl7.org/fhir/tools/StructureDefinition/ig-parameter"},{"extension":[{"url":"code","valueString":"template-html"},{"url":"value","valueString":"template-page.html"}],"url":"http://hl7.org/fhir/tools/StructureDefinition/ig-parameter"},{"extension":[{"url":"code","valueString":"template-md"},{"url":"value","valueString":"template-page-md.html"}],"url":"http://hl7.org/fhir/tools/StructureDefinition/ig-parameter"},{"extension":[{"url":"code","valueString":"apply-contact"},{"url":"value","valueString":"true"}],"url":"http://hl7.org/fhir/tools/StructureDefinition/ig-parameter"},{"extension":[{"url":"code","valueString":"apply-context"},{"url":"value","valueString":"true"}],"url":"http://hl7.org/fhir/tools/StructureDefinition/ig-parameter"},{"extension":[{"url":"code","valueString":"apply-copyright"},{"url":"value","valueString":"true"}],"url":"http://hl7.org/fhir/tools/StructureDefinition/ig-parameter"},{"extension":[{"url":"code","valueString":"apply-jurisdiction"},{"url":"value","valueString":"true"}],"url":"http://hl7.org/fhir/tools/StructureDefinition/ig-parameter"},{"extension":[{"url":"code","valueString":"apply-license"},{"url":"value","valueString":"true"}],"url":"http://hl7.org/fhir/tools/StructureDefinition/ig-parameter"},{"extension":[{"url":"code","valueString":"apply-publisher"},{"url":"value","valueString":"true"}],"url":"http://hl7.org/fhir/tools/StructureDefinition/ig-parameter"},{"extension":[{"url":"code","valueString":"apply-version"},{"url":"value","valueString":"true"}],"url":"http://hl7.org/fhir/tools/StructureDefinition/ig-parameter"},{"extension":[{"url":"code","valueString":"apply-wg"},{"url":"value","valueString":"true"}],"url":"http://hl7.org/fhir/tools/StructureDefinition/ig-parameter"},{"extension":[{"url":"code","valueString":"active-tables"},{"url":"value","valueString":"true"}],"url":"http://hl7.org/fhir/tools/StructureDefinition/ig-parameter"},{"extension":[{"url":"code","valueString":"fmm-definition"},{"url":"value","valueString":"http://hl7.org/fhir/versions.html#maturity"}],"url":"http://hl7.org/fhir/tools/StructureDefinition/ig-parameter"},{"extension":[{"url":"code","valueString":"propagate-status"},{"url":"value","valueString":"true"}],"url":"http://hl7.org/fhir/tools/StructureDefinition/ig-parameter"},{"extension":[{"url":"code","valueString":"excludelogbinaryformat"},{"url":"value","valueString":"true"}],"url":"http://hl7.org/fhir/tools/StructureDefinition/ig-parameter"},{"extension":[{"url":"code","valueString":"tabbed-snapshots"},{"url":"value","valueString":"true"}],"url":"http://hl7.org/fhir/tools/StructureDefinition/ig-parameter"},{"url":"http://hl7.org/fhir/tools/StructureDefinition/ig-internal-dependency","valueCode":"hl7.fhir.uv.tools.r4#0.7.0"},{"extension":[{"url":"code","valueCode":"copyrightyear"},{"url":"value","valueString":"2020+"}],"url":"http://hl7.org/fhir/tools/StructureDefinition/ig-parameter"},{"extension":[{"url":"code","valueCode":"releaselabel"},{"url":"value","valueString":"ci-build"}],"url":"http://hl7.org/fhir/tools/StructureDefinition/ig-parameter"},{"extension":[{"url":"code","valueCode":"shownav"},{"url":"value","valueString":"true"}],"url":"http://hl7.org/fhir/tools/StructureDefinition/ig-parameter"},{"extension":[{"url":"code","valueCode":"autoload-resources"},{"url":"value","valueString":"true"}],"url":"http://hl7.org/fhir/tools/StructureDefinition/ig-parameter"},{"extension":[{"url":"code","valueCode":"path-liquid"},{"url":"value","valueString":"template/liquid"}],"url":"http://hl7.org/fhir/tools/StructureDefinition/ig-parameter"},{"extension":[{"url":"code","valueCode":"path-liquid"},{"url":"value","valueString":"input/liquid"}],"url":"http://hl7.org/fhir/tools/StructureDefinition/ig-parameter"},{"extension":[{"url":"code","valueCode":"path-qa"},{"url":"value","valueString":"temp/qa"}],"url":"http://hl7.org/fhir/tools/StructureDefinition/ig-parameter"},{"extension":[{"url":"code","valueCode":"path-temp"},{"url":"value","valueString":"temp/pages"}],"url":"http://hl7.org/fhir/tools/StructureDefinition/ig-parameter"},{"extension":[{"url":"code","valueCode":"path-output"},{"url":"value","valueString":"output"}],"url":"http://hl7.org/fhir/tools/StructureDefinition/ig-parameter"},{"extension":[{"url":"code","valueCode":"path-suppressed-warnings"},{"url":"value","valueString":"input/ignoreWarnings.txt"}],"url":"http://hl7.org/fhir/tools/StructureDefinition/ig-parameter"},{"extension":[{"url":"code","valueCode":"path-history"},{"url":"value","valueString":"https://interop.esante.gouv.fr/ig/fhir/eclaire/history.html"}],"url":"http://hl7.org/fhir/tools/StructureDefinition/ig-parameter"},{"extension":[{"url":"code","valueCode":"template-html"},{"url":"value","valueString":"template-page.html"}],"url":"http://hl7.org/fhir/tools/StructureDefinition/ig-parameter"},{"extension":[{"url":"code","valueCode":"template-md"},{"url":"value","valueString":"template-page-md.html"}],"url":"http://hl7.org/fhir/tools/StructureDefinition/ig-parameter"},{"extension":[{"url":"code","valueCode":"apply-contact"},{"url":"value","valueString":"true"}],"url":"http://hl7.org/fhir/tools/StructureDefinition/ig-parameter"},{"extension":[{"url":"code","valueCode":"apply-context"},{"url":"value","valueString":"true"}],"url":"http://hl7.org/fhir/tools/StructureDefinition/ig-parameter"},{"extension":[{"url":"code","valueCode":"apply-copyright"},{"url":"value","valueString":"true"}],"url":"http://hl7.org/fhir/tools/StructureDefinition/ig-parameter"},{"extension":[{"url":"code","valueCode":"apply-jurisdiction"},{"url":"value","valueString":"true"}],"url":"http://hl7.org/fhir/tools/StructureDefinition/ig-parameter"},{"extension":[{"url":"code","valueCode":"apply-license"},{"url":"value","valueString":"true"}],"url":"http://hl7.org/fhir/tools/StructureDefinition/ig-parameter"},{"extension":[{"url":"code","valueCode":"apply-publisher"},{"url":"value","valueString":"true"}],"url":"http://hl7.org/fhir/tools/StructureDefinition/ig-parameter"},{"extension":[{"url":"code","valueCode":"apply-version"},{"url":"value","valueString":"true"}],"url":"http://hl7.org/fhir/tools/StructureDefinition/ig-parameter"},{"extension":[{"url":"code","valueCode":"apply-wg"},{"url":"value","valueString":"true"}],"url":"http://hl7.org/fhir/tools/StructureDefinition/ig-parameter"},{"extension":[{"url":"code","valueCode":"active-tables"},{"url":"value","valueString":"true"}],"url":"http://hl7.org/fhir/tools/StructureDefinition/ig-parameter"},{"extension":[{"url":"code","valueCode":"fmm-definition"},{"url":"value","valueString":"http://hl7.org/fhir/versions.html#maturity"}],"url":"http://hl7.org/fhir/tools/StructureDefinition/ig-parameter"},{"extension":[{"url":"code","valueCode":"propagate-status"},{"url":"value","valueString":"true"}],"url":"http://hl7.org/fhir/tools/StructureDefinition/ig-parameter"},{"extension":[{"url":"code","valueCode":"excludelogbinaryformat"},{"url":"value","valueString":"true"}],"url":"http://hl7.org/fhir/tools/StructureDefinition/ig-parameter"},{"extension":[{"url":"code","valueCode":"tabbed-snapshots"},{"url":"value","valueString":"true"}],"url":"http://hl7.org/fhir/tools/StructureDefinition/ig-parameter"},{"extension":[{"url":"code","valueCode":"copyrightyear"},{"url":"value","valueString":"2020+"}],"url":"http://hl7.org/fhir/tools/StructureDefinition/ig-parameter"},{"extension":[{"url":"code","valueCode":"releaselabel"},{"url":"value","valueString":"ci-build"}],"url":"http://hl7.org/fhir/tools/StructureDefinition/ig-parameter"},{"extension":[{"url":"code","valueCode":"shownav"},{"url":"value","valueString":"true"}],"url":"http://hl7.org/fhir/tools/StructureDefinition/ig-parameter"},{"extension":[{"url":"code","valueCode":"autoload-resources"},{"url":"value","valueString":"true"}],"url":"http://hl7.org/fhir/tools/StructureDefinition/ig-parameter"},{"extension":[{"url":"code","valueCode":"path-liquid"},{"url":"value","valueString":"template/liquid"}],"url":"http://hl7.org/fhir/tools/StructureDefinition/ig-parameter"},{"extension":[{"url":"code","valueCode":"path-liquid"},{"url":"value","valueString":"input/liquid"}],"url":"http://hl7.org/fhir/tools/StructureDefinition/ig-parameter"},{"extension":[{"url":"code","valueCode":"path-qa"},{"url":"value","valueString":"temp/qa"}],"url":"http://hl7.org/fhir/tools/StructureDefinition/ig-parameter"},{"extension":[{"url":"code","valueCode":"path-temp"},{"url":"value","valueString":"temp/pages"}],"url":"http://hl7.org/fhir/tools/StructureDefinition/ig-parameter"},{"extension":[{"url":"code","valueCode":"path-output"},{"url":"value","valueString":"output"}],"url":"http://hl7.org/fhir/tools/StructureDefinition/ig-parameter"},{"extension":[{"url":"code","valueCode":"path-suppressed-warnings"},{"url":"value","valueString":"input/ignoreWarnings.txt"}],"url":"http://hl7.org/fhir/tools/StructureDefinition/ig-parameter"},{"extension":[{"url":"code","valueCode":"path-history"},{"url":"value","valueString":"https://interop.esante.gouv.fr/ig/fhir/eclaire/history.html"}],"url":"http://hl7.org/fhir/tools/StructureDefinition/ig-parameter"},{"extension":[{"url":"code","valueCode":"template-html"},{"url":"value","valueString":"template-page.html"}],"url":"http://hl7.org/fhir/tools/StructureDefinition/ig-parameter"},{"extension":[{"url":"code","valueCode":"template-md"},{"url":"value","valueString":"template-page-md.html"}],"url":"http://hl7.org/fhir/tools/StructureDefinition/ig-parameter"},{"extension":[{"url":"code","valueCode":"apply-contact"},{"url":"value","valueString":"true"}],"url":"http://hl7.org/fhir/tools/StructureDefinition/ig-parameter"},{"extension":[{"url":"code","valueCode":"apply-context"},{"url":"value","valueString":"true"}],"url":"http://hl7.org/fhir/tools/StructureDefinition/ig-parameter"},{"extension":[{"url":"code","valueCode":"apply-copyright"},{"url":"value","valueString":"true"}],"url":"http://hl7.org/fhir/tools/StructureDefinition/ig-parameter"},{"extension":[{"url":"code","valueCode":"apply-jurisdiction"},{"url":"value","valueString":"true"}],"url":"http://hl7.org/fhir/tools/StructureDefinition/ig-parameter"},{"extension":[{"url":"code","valueCode":"apply-license"},{"url":"value","valueString":"true"}],"url":"http://hl7.org/fhir/tools/StructureDefinition/ig-parameter"},{"extension":[{"url":"code","valueCode":"apply-publisher"},{"url":"value","valueString":"true"}],"url":"http://hl7.org/fhir/tools/StructureDefinition/ig-parameter"},{"extension":[{"url":"code","valueCode":"apply-version"},{"url":"value","valueString":"true"}],"url":"http://hl7.org/fhir/tools/StructureDefinition/ig-parameter"},{"extension":[{"url":"code","valueCode":"apply-wg"},{"url":"value","valueString":"true"}],"url":"http://hl7.org/fhir/tools/StructureDefinition/ig-parameter"},{"extension":[{"url":"code","valueCode":"active-tables"},{"url":"value","valueString":"true"}],"url":"http://hl7.org/fhir/tools/StructureDefinition/ig-parameter"},{"extension":[{"url":"code","valueCode":"fmm-definition"},{"url":"value","valueString":"http://hl7.org/fhir/versions.html#maturity"}],"url":"http://hl7.org/fhir/tools/StructureDefinition/ig-parameter"},{"extension":[{"url":"code","valueCode":"propagate-status"},{"url":"value","valueString":"true"}],"url":"http://hl7.org/fhir/tools/StructureDefinition/ig-parameter"},{"extension":[{"url":"code","valueCode":"excludelogbinaryformat"},{"url":"value","valueString":"true"}],"url":"http://hl7.org/fhir/tools/StructureDefinition/ig-parameter"},{"extension":[{"url":"code","valueCode":"tabbed-snapshots"},{"url":"value","valueString":"true"}],"url":"http://hl7.org/fhir/tools/StructureDefinition/ig-parameter"}],"grouping":[{"id":"-dyn-capabilitystatement","name":"Behavior: Capability Statements","description":"The following artifacts define the specific capabilities that different types of systems are expected to have in order to comply with this implementation guide.  Systems conforming to this implementation guide are expected to declare conformance to one or more of the following capability statements."},{"id":"-str-profile","name":"Structures: Resource Profiles","description":"These define constraints on FHIR resources for systems conforming to this implementation guide."},{"id":"-str-extension","name":"Structures: Extension Definitions","description":"These define constraints on FHIR data types for systems conforming to this implementation guide."},{"id":"-term-valueset","name":"Terminology: Value Sets","description":"These define sets of codes used by systems conforming to this implementation guide."},{"id":"-term-codesystem","name":"Terminology: Code Systems","description":"These define new code systems used by systems conforming to this implementation guide."},{"id":"-map-conceptmap","name":"Terminology: Concept Maps","description":"These define transformations to convert between codes by systems conforming with this implementation guide."},{"id":"-ex-example","name":"Example: Example Instances","description":"These are example instances that show what data produced and consumed by systems conforming with this implementation guide might look like."}],"resource":[{"extension":[{"url":"http://hl7.org/fhir/tools/StructureDefinition/resource-sort","valueInteger":999999999},{"url":"http://hl7.org/fhir/StructureDefinition/implementationguide-page","valueUri":"CapabilityStatement-eclaire-consommateur.html"}],"reference":{"reference":"CapabilityStatement/eclaire-consommateur"},"name":"Eclaire","description":"Système ECLAIRE (Essais CLiniques Accessibles Interconnectés pour la Recherche ouverts à l'Ecosystème)","exampleBoolean":false,"groupingId":"-dyn-capabilitystatement"},{"extension":[{"url":"http://hl7.org/fhir/tools/StructureDefinition/resource-sort","valueInteger":999999999},{"url":"http://hl7.org/fhir/StructureDefinition/implementationguide-page","valueUri":"StructureDefinition-eclaire-group.html"}],"reference":{"reference":"StructureDefinition/eclaire-group"},"name":"ECLAIREGroup","description":"Profil de Group pour le projet ECLAIRE","exampleBoolean":false,"groupingId":"-str-profile"},{"extension":[{"url":"http://hl7.org/fhir/tools/StructureDefinition/resource-sort","valueInteger":999999999},{"url":"http://hl7.org/fhir/StructureDefinition/implementationguide-page","valueUri":"StructureDefinition-eclaire-location.html"}],"reference":{"reference":"StructureDefinition/eclaire-location"},"name":"ECLAIRELocation","description":"Profil de Location pour le projet ECLAIRE","exampleBoolean":false,"groupingId":"-str-profile"},{"extension":[{"url":"http://hl7.org/fhir/tools/StructureDefinition/resource-sort","valueInteger":999999999},{"url":"http://hl7.org/fhir/StructureDefinition/implementationguide-page","valueUri":"StructureDefinition-eclaire-researchstudy.html"}],"reference":{"reference":"StructureDefinition/eclaire-researchstudy"},"name":"ECLAIREResearchStudy","description":"Profil de ResearchStudy pour le projet ECLAIRE","exampleBoolean":false,"groupingId":"-str-profile"},{"extension":[{"url":"http://hl7.org/fhir/tools/StructureDefinition/resource-sort","valueInteger":999999999},{"url":"http://hl7.org/fhir/StructureDefinition/implementationguide-page","valueUri":"StructureDefinition-eclaire-approval-date.html"}],"reference":{"reference":"StructureDefinition/eclaire-approval-date"},"name":"ECLAIREApprovalDate","description":"Extension créée dans le cadre du projet API ECLAIRE afin de permettre l'ajout la date d'approbation du comité éthique","exampleBoolean":false,"groupingId":"-str-extension"},{"extension":[{"url":"http://hl7.org/fhir/tools/StructureDefinition/resource-sort","valueInteger":999999999},{"url":"http://hl7.org/fhir/StructureDefinition/implementationguide-page","valueUri":"StructureDefinition-eclaire-arm-intervention.html"}],"reference":{"reference":"StructureDefinition/eclaire-arm-intervention"},"name":"ECLAIREArmIntervention","description":"Extension créée dans le cadre du projet ECLAIRE pour indiquer les 'Interventions' dans les cohortes","exampleBoolean":false,"groupingId":"-str-extension"},{"extension":[{"url":"http://hl7.org/fhir/tools/StructureDefinition/resource-sort","valueInteger":999999999},{"url":"http://hl7.org/fhir/StructureDefinition/implementationguide-page","valueUri":"StructureDefinition-eclaire-contact-address.html"}],"reference":{"reference":"StructureDefinition/eclaire-contact-address"},"name":"ECLAIREContactAddress","description":"Extension créée dans le cadre du projet ECLAIRE pour indiquer l'adresse du contact","exampleBoolean":false,"groupingId":"-str-extension"},{"extension":[{"url":"http://hl7.org/fhir/tools/StructureDefinition/resource-sort","valueInteger":999999999},{"url":"http://hl7.org/fhir/StructureDefinition/implementationguide-page","valueUri":"StructureDefinition-eclaire-contact-affiliation.html"}],"reference":{"reference":"StructureDefinition/eclaire-contact-affiliation"},"name":"ECLAIREContactAffiliation","description":"Extension créée dans le cadre du projet ECLAIRE pour indiquer l'affiliation du contact","exampleBoolean":false,"groupingId":"-str-extension"},{"extension":[{"url":"http://hl7.org/fhir/tools/StructureDefinition/resource-sort","valueInteger":999999999},{"url":"http://hl7.org/fhir/StructureDefinition/implementationguide-page","valueUri":"StructureDefinition-eclaire-contact-name.html"}],"reference":{"reference":"StructureDefinition/eclaire-contact-name"},"name":"ECLAIREContactName","description":"Extension créée dans le cadre du projet ECLAIRE pour indiquer le nom de contact","exampleBoolean":false,"groupingId":"-str-extension"},{"extension":[{"url":"http://hl7.org/fhir/tools/StructureDefinition/resource-sort","valueInteger":999999999},{"url":"http://hl7.org/fhir/StructureDefinition/implementationguide-page","valueUri":"StructureDefinition-eclaire-contact-type.html"}],"reference":{"reference":"StructureDefinition/eclaire-contact-type"},"name":"ECLAIREContactType","description":"Extension créée dans le cadre du projet ECLAIRE qui indique le type de Contact : Public ou Scientific","exampleBoolean":false,"groupingId":"-str-extension"},{"extension":[{"url":"http://hl7.org/fhir/tools/StructureDefinition/resource-sort","valueInteger":999999999},{"url":"http://hl7.org/fhir/StructureDefinition/implementationguide-page","valueUri":"StructureDefinition-eclaire-label-r5.html"}],"reference":{"reference":"StructureDefinition/eclaire-label-r5"},"name":"ECLAIRELabelR5","description":"Extension créée dans le cadre du projet API ECLAIRE afin de permettre l'ajout de plusieurs titres pour l'essai. Cette extension implemente l'élément label de R5 https://hl7.org/fhir/researchstudy-definitions.html#ResearchStudy.label .","exampleBoolean":false,"groupingId":"-str-extension"},{"extension":[{"url":"http://hl7.org/fhir/tools/StructureDefinition/resource-sort","valueInteger":999999999},{"url":"http://hl7.org/fhir/StructureDefinition/implementationguide-page","valueUri":"StructureDefinition-eclaire-recruitment-period.html"}],"reference":{"reference":"StructureDefinition/eclaire-recruitment-period"},"name":"ECLAIRERecruitmentPeriod","description":"Extension créée dans le cadre du projet API ECLAIRE afin de permettre l'ajout de la période prévisionnelle de recrutement l'essai","exampleBoolean":false,"groupingId":"-str-extension"},{"extension":[{"url":"http://hl7.org/fhir/tools/StructureDefinition/resource-sort","valueInteger":999999999},{"url":"http://hl7.org/fhir/StructureDefinition/implementationguide-page","valueUri":"StructureDefinition-eclaire-recruitment-status.html"}],"reference":{"reference":"StructureDefinition/eclaire-recruitment-status"},"name":"ECLAIRERecruitmentStatus","description":"Extension créée dans le cadre du projet ECLAIRE pour indiquer le statut du recrutement","exampleBoolean":false,"groupingId":"-str-extension"},{"extension":[{"url":"http://hl7.org/fhir/tools/StructureDefinition/resource-sort","valueInteger":999999999},{"url":"http://hl7.org/fhir/StructureDefinition/implementationguide-page","valueUri":"StructureDefinition-eclaire-review-date.html"}],"reference":{"reference":"StructureDefinition/eclaire-review-date"},"name":"ECLAIREReviewDate","description":"Extension créée dans le cadre du projet API ECLAIRE afin de permettre l'ajout d'une date de révision fonctionnelle lorque que l'on souhaite indiquer la date de la dernière modification substancielle","exampleBoolean":false,"groupingId":"-str-extension"},{"extension":[{"url":"http://hl7.org/fhir/tools/StructureDefinition/resource-sort","valueInteger":999999999},{"url":"http://hl7.org/fhir/StructureDefinition/implementationguide-page","valueUri":"StructureDefinition-eclaire-site-contact-name.html"}],"reference":{"reference":"StructureDefinition/eclaire-site-contact-name"},"name":"ECLAIRESiteContactName","description":"Extension créée dans le cadre du projet ECLAIRE pour indiquer le nom de contact spécifique au site de recrutement","exampleBoolean":false,"groupingId":"-str-extension"},{"extension":[{"url":"http://hl7.org/fhir/tools/StructureDefinition/resource-sort","valueInteger":999999999},{"url":"http://hl7.org/fhir/StructureDefinition/implementationguide-page","valueUri":"StructureDefinition-eclaire-therapeutic-area.html"}],"reference":{"reference":"StructureDefinition/eclaire-therapeutic-area"},"name":"ECLAIRETherapeuticArea","description":"Extension créée dans le cadre du projet API ECLAIRE afin de permettre l'ajout du domaine thérapeutique concerné par l'essai","exampleBoolean":false,"groupingId":"-str-extension"},{"extension":[{"url":"http://hl7.org/fhir/tools/StructureDefinition/resource-sort","valueInteger":999999999},{"url":"http://hl7.org/fhir/StructureDefinition/implementationguide-page","valueUri":"StructureDefinition-eclaire-associated-party-r5.html"}],"reference":{"reference":"StructureDefinition/eclaire-associated-party-r5"},"name":"ECLAIREassociatedPartyR5","description":"Extension créée dans le cadre du projet API ECLAIRE, afin de permettre l'ajout des Sponsors, collaborateurs et autres parties concernés par l'essai. Cette extension implemente l’élément associatedParty de R5 http://hl7.org/fhir/R5/researchstudy-definitions.html#ResearchStudy.associatedParty","exampleBoolean":false,"groupingId":"-str-extension"},{"extension":[{"url":"http://hl7.org/fhir/tools/StructureDefinition/resource-sort","valueInteger":999999999},{"url":"http://hl7.org/fhir/StructureDefinition/implementationguide-page","valueUri":"StructureDefinition-eclaire-outcome-measure-r5.html"}],"reference":{"reference":"StructureDefinition/eclaire-outcome-measure-r5"},"name":"ECLAIREoutcomeMeasureR5","description":"Extension créée dans le cadre du projet API ECLAIRE, afin de permettre l'ajout des conséquences principales et secondaires de l'essai. Cette extension implemente l’élément outcomeMeasure de R5 http://hl7.org/fhir/R5/researchstudy-definitions.html#ResearchStudy.outcomeMeasure","exampleBoolean":false,"groupingId":"-str-extension"},{"extension":[{"url":"http://hl7.org/fhir/tools/StructureDefinition/resource-sort","valueInteger":999999999},{"url":"http://hl7.org/fhir/StructureDefinition/implementationguide-page","valueUri":"ValueSet-eclaire-study-population-vs.html"}],"reference":{"reference":"ValueSet/eclaire-study-population-vs"},"name":"Caractérisation de la population Value Set","description":"Caractérisation de la population Value Set.","exampleBoolean":false,"groupingId":"-term-valueset"},{"extension":[{"url":"http://hl7.org/fhir/tools/StructureDefinition/resource-sort","valueInteger":999999999},{"url":"http://hl7.org/fhir/StructureDefinition/implementationguide-page","valueUri":"ValueSet-eclaire-regulation-code-vs.html"}],"reference":{"reference":"ValueSet/eclaire-regulation-code-vs"},"name":"Code de régulation Value Set","description":"Code de régulation Value Set.","exampleBoolean":false,"groupingId":"-term-valueset"},{"extension":[{"url":"http://hl7.org/fhir/tools/StructureDefinition/resource-sort","valueInteger":999999999},{"url":"http://hl7.org/fhir/StructureDefinition/implementationguide-page","valueUri":"ValueSet-eclaire-reglementation-precision-vs.html"}],"reference":{"reference":"ValueSet/eclaire-reglementation-precision-vs"},"name":"Précision sur la réglementation concernant l'essai Value Set","description":"Précision sur la réglementation concernant l'essai Value Set.","exampleBoolean":false,"groupingId":"-term-valueset"},{"extension":[{"url":"http://hl7.org/fhir/tools/StructureDefinition/resource-sort","valueInteger":999999999},{"url":"http://hl7.org/fhir/StructureDefinition/implementationguide-page","valueUri":"ValueSet-eclaire-status-recruitment-vs.html"}],"reference":{"reference":"ValueSet/eclaire-status-recruitment-vs"},"name":"Statut de recrutement Value Set","description":"Les différents statuts de recrutement pour les essais cliniques Value Set.","exampleBoolean":false,"groupingId":"-term-valueset"},{"extension":[{"url":"http://hl7.org/fhir/tools/StructureDefinition/resource-sort","valueInteger":999999999},{"url":"http://hl7.org/fhir/StructureDefinition/implementationguide-page","valueUri":"ValueSet-eclaire-type-contact-vs.html"}],"reference":{"reference":"ValueSet/eclaire-type-contact-vs"},"name":"Type Contact Value Set","description":"Type de contact pour les essais cliniques Value Set.","exampleBoolean":false,"groupingId":"-term-valueset"},{"extension":[{"url":"http://hl7.org/fhir/tools/StructureDefinition/resource-sort","valueInteger":999999999},{"url":"http://hl7.org/fhir/StructureDefinition/implementationguide-page","valueUri":"ValueSet-eclaire-group-characteristic-kind-vs.html"}],"reference":{"reference":"ValueSet/eclaire-group-characteristic-kind-vs"},"name":"Type de caractéristique Value Set","description":"Value Set du type de caractéristique pour le groupe de la population.","exampleBoolean":false,"groupingId":"-term-valueset"},{"extension":[{"url":"http://hl7.org/fhir/tools/StructureDefinition/resource-sort","valueInteger":999999999},{"url":"http://hl7.org/fhir/StructureDefinition/implementationguide-page","valueUri":"ValueSet-eclaire-study-outcome-type-vs.html"}],"reference":{"reference":"ValueSet/eclaire-study-outcome-type-vs"},"name":"Type de conséquence Value Set","description":"Type de conséquence Value Set","exampleBoolean":false,"groupingId":"-term-valueset"},{"extension":[{"url":"http://hl7.org/fhir/tools/StructureDefinition/resource-sort","valueInteger":999999999},{"url":"http://hl7.org/fhir/StructureDefinition/implementationguide-page","valueUri":"ValueSet-eclaire-study-title-type-vs.html"}],"reference":{"reference":"ValueSet/eclaire-study-title-type-vs"},"name":"Type de titre Value Set","description":"Type de titre pour les essais cliniques Value Set (inspiré du Value Set de R5 : https://hl7.org/fhir/valueset-title-type.html)","exampleBoolean":false,"groupingId":"-term-valueset"},{"extension":[{"url":"http://hl7.org/fhir/tools/StructureDefinition/resource-sort","valueInteger":999999999},{"url":"http://hl7.org/fhir/StructureDefinition/implementationguide-page","valueUri":"ValueSet-eclaire-study-party-role-vs.html"}],"reference":{"reference":"ValueSet/eclaire-study-party-role-vs"},"name":"Value Set Eclaire pour les différents rôles des parties impliquées dans l'essai","description":"Value Set Eclaire pour les différents rôles des parties impliquées dans l'essai cliniques (sponsor, collaborateur, etc).","exampleBoolean":false,"groupingId":"-term-valueset"},{"extension":[{"url":"http://hl7.org/fhir/tools/StructureDefinition/resource-sort","valueInteger":999999999},{"url":"http://hl7.org/fhir/StructureDefinition/implementationguide-page","valueUri":"ValueSet-eclaire-study-party-organization-type-vs.html"}],"reference":{"reference":"ValueSet/eclaire-study-party-organization-type-vs"},"name":"Value Set Eclaire pour les types de parties","description":"Value Set Eclaire pour les types de parties impliquées dans l'essai.","exampleBoolean":false,"groupingId":"-term-valueset"},{"extension":[{"url":"http://hl7.org/fhir/tools/StructureDefinition/resource-sort","valueInteger":999999999},{"url":"http://hl7.org/fhir/StructureDefinition/implementationguide-page","valueUri":"ValueSet-eclaire-study-status-vs.html"}],"reference":{"reference":"ValueSet/eclaire-study-status-vs"},"name":"Value Set Statut Eclaire de l'essai","description":"Value Set Statut Eclaire de l'essai clinique.","exampleBoolean":false,"groupingId":"-term-valueset"},{"extension":[{"url":"http://hl7.org/fhir/tools/StructureDefinition/resource-sort","valueInteger":999999999},{"url":"http://hl7.org/fhir/StructureDefinition/implementationguide-page","valueUri":"ValueSet-eclaire-study-phase-source-vs.html"}],"reference":{"reference":"ValueSet/eclaire-study-phase-source-vs"},"name":"Value Set de la phase de l'essai tel que définie dans la base ECLAIRE","description":"Value Set de la phase de l'essai clinique tel qu'il est défini dans la base ECLAIRE","exampleBoolean":false,"groupingId":"-term-valueset"},{"extension":[{"url":"http://hl7.org/fhir/tools/StructureDefinition/resource-sort","valueInteger":999999999},{"url":"http://hl7.org/fhir/StructureDefinition/implementationguide-page","valueUri":"ValueSet-eclaire-study-phase-vs.html"}],"reference":{"reference":"ValueSet/eclaire-study-phase-vs"},"name":"Value Set type de phase de l'essai clinique","description":"Value Set type de phase Eclaire de l'essai clinique.","exampleBoolean":false,"groupingId":"-term-valueset"},{"extension":[{"url":"http://hl7.org/fhir/tools/StructureDefinition/resource-sort","valueInteger":999999999},{"url":"http://hl7.org/fhir/StructureDefinition/implementationguide-page","valueUri":"ValueSet-eclaire-category-vs.html"}],"reference":{"reference":"ValueSet/eclaire-category-vs"},"name":"Value Set type pour spécifier la catégorie l'essai clinique","description":"Value Set pour spécifier la catégorie de l'essai clinique et préciser la réglementation ou le code regulation renseigner dans les bases de registre comme CTIS et EUDAMED.","exampleBoolean":false,"groupingId":"-term-valueset"},{"extension":[{"url":"http://hl7.org/fhir/tools/StructureDefinition/resource-sort","valueInteger":999999999},{"url":"http://hl7.org/fhir/StructureDefinition/implementationguide-page","valueUri":"CodeSystem-eclaire-regulation-code-code-system.html"}],"reference":{"reference":"CodeSystem/eclaire-regulation-code-code-system"},"name":"Code de régulation de l'essai","description":"Code de régulation de l'essai","exampleBoolean":false,"groupingId":"-term-codesystem"},{"extension":[{"url":"http://hl7.org/fhir/tools/StructureDefinition/resource-sort","valueInteger":999999999},{"url":"http://hl7.org/fhir/StructureDefinition/implementationguide-page","valueUri":"CodeSystem-eclaire-study-population-code-system.html"}],"reference":{"reference":"CodeSystem/eclaire-study-population-code-system"},"name":"Codes pour caractériser la population de l'étude","description":"Codes pour caractériser la population ciblée par l'étude","exampleBoolean":false,"groupingId":"-term-codesystem"},{"extension":[{"url":"http://hl7.org/fhir/tools/StructureDefinition/resource-sort","valueInteger":999999999},{"url":"http://hl7.org/fhir/StructureDefinition/implementationguide-page","valueUri":"CodeSystem-eclaire-group-characteristic-kind-code-system.html"}],"reference":{"reference":"CodeSystem/eclaire-group-characteristic-kind-code-system"},"name":"Codes pour le type de caractéristique du groupe","description":"Codes pour le type de caractéristique du groupe de l'étude","exampleBoolean":false,"groupingId":"-term-codesystem"},{"extension":[{"url":"http://hl7.org/fhir/tools/StructureDefinition/resource-sort","valueInteger":999999999},{"url":"http://hl7.org/fhir/StructureDefinition/implementationguide-page","valueUri":"CodeSystem-eclaire-study-party-organization-type-code-system.html"}],"reference":{"reference":"CodeSystem/eclaire-study-party-organization-type-code-system"},"name":"Définition des différents types d'organisation des parties prenantes inspiré de http://hl7.org/fhir/research-study-party-organization-type","description":"Différents rôles des parties impliquées dans l'essai","exampleBoolean":false,"groupingId":"-term-codesystem"},{"extension":[{"url":"http://hl7.org/fhir/tools/StructureDefinition/resource-sort","valueInteger":999999999},{"url":"http://hl7.org/fhir/StructureDefinition/implementationguide-page","valueUri":"CodeSystem-eclaire-study-phase-source-code-system.html"}],"reference":{"reference":"CodeSystem/eclaire-study-phase-source-code-system"},"name":"Définition des phase de l'essai utilisés dans la base de données ECLAIRE","description":"Définition des phases de l'essai utilisées dans la base de données ECLAIRE","exampleBoolean":false,"groupingId":"-term-codesystem"},{"extension":[{"url":"http://hl7.org/fhir/tools/StructureDefinition/resource-sort","valueInteger":999999999},{"url":"http://hl7.org/fhir/StructureDefinition/implementationguide-page","valueUri":"CodeSystem-eclaire-study-party-role-code-system.html"}],"reference":{"reference":"CodeSystem/eclaire-study-party-role-code-system"},"name":"Définition des rôles des parties prenantes inspiré de http://hl7.org/fhir/research-study-party-role","description":"Différents rôles des parties impliqué dans l'essai","exampleBoolean":false,"groupingId":"-term-codesystem"},{"extension":[{"url":"http://hl7.org/fhir/tools/StructureDefinition/resource-sort","valueInteger":999999999},{"url":"http://hl7.org/fhir/StructureDefinition/implementationguide-page","valueUri":"CodeSystem-eclaire-study-status-code-system.html"}],"reference":{"reference":"CodeSystem/eclaire-study-status-code-system"},"name":"Définition des statuts de l'essai utilisés dans la base de données ECLAIRE","description":"Statut de l'essai clinique utilisé dans la base de données ECLAIRE","exampleBoolean":false,"groupingId":"-term-codesystem"},{"extension":[{"url":"http://hl7.org/fhir/tools/StructureDefinition/resource-sort","valueInteger":999999999},{"url":"http://hl7.org/fhir/StructureDefinition/implementationguide-page","valueUri":"CodeSystem-eclaire-study-phase-code-system.html"}],"reference":{"reference":"CodeSystem/eclaire-study-phase-code-system"},"name":"Définition des type de phase de l'essai cliniques incluant https://hl7.org/fhir/R4/valueset-research-study-phase.html","description":"type de phase de l'essai clinique","exampleBoolean":false,"groupingId":"-term-codesystem"},{"extension":[{"url":"http://hl7.org/fhir/tools/StructureDefinition/resource-sort","valueInteger":999999999},{"url":"http://hl7.org/fhir/StructureDefinition/implementationguide-page","valueUri":"CodeSystem-eclaire-study-title-type-code-system.html"}],"reference":{"reference":"CodeSystem/eclaire-study-title-type-code-system"},"name":"Définition des types de titre pour l'essai","description":"Définition des types de titre pour l'essai (Code System inspiré de R5 : https://hl7.org/fhir/codesystem-title-type.html)","exampleBoolean":false,"groupingId":"-term-codesystem"},{"extension":[{"url":"http://hl7.org/fhir/tools/StructureDefinition/resource-sort","valueInteger":999999999},{"url":"http://hl7.org/fhir/StructureDefinition/implementationguide-page","valueUri":"CodeSystem-eclaire-reglementation-precision-code-system.html"}],"reference":{"reference":"CodeSystem/eclaire-reglementation-precision-code-system"},"name":"Précision sur la réglementation concernant l'essai","description":"Précision sur la réglementation concernant l'essai","exampleBoolean":false,"groupingId":"-term-codesystem"},{"extension":[{"url":"http://hl7.org/fhir/tools/StructureDefinition/resource-sort","valueInteger":999999999},{"url":"http://hl7.org/fhir/StructureDefinition/implementationguide-page","valueUri":"CodeSystem-eclaire-status-recruitment-code-system.html"}],"reference":{"reference":"CodeSystem/eclaire-status-recruitment-code-system"},"name":"Statut de recrutement","description":"Les différents statuts de recrutement pour les essais cliniques","exampleBoolean":false,"groupingId":"-term-codesystem"},{"extension":[{"url":"http://hl7.org/fhir/tools/StructureDefinition/resource-sort","valueInteger":999999999},{"url":"http://hl7.org/fhir/StructureDefinition/implementationguide-page","valueUri":"CodeSystem-eclaire-type-contact-code-system.html"}],"reference":{"reference":"CodeSystem/eclaire-type-contact-code-system"},"name":"Type de contact","description":"Type de contact pour les essais cliniques","exampleBoolean":false,"groupingId":"-term-codesystem"},{"extension":[{"url":"http://hl7.org/fhir/tools/StructureDefinition/resource-sort","valueInteger":999999999},{"url":"http://hl7.org/fhir/StructureDefinition/implementationguide-page","valueUri":"ConceptMap-eclaire-study-phase-concept-map.html"}],"reference":{"reference":"ConceptMap/eclaire-study-phase-concept-map"},"name":"FHIR/Eclaire ResearchStudy phase Use Mapping","description":"Correspondance entre la phase définie dans la base Eclaire et le ValueSet https://interop.esante.gouv.fr/ig/fhir/eclaire/ValueSet-eclaire-study-phase-vs","exampleBoolean":false,"groupingId":"-map-conceptmap"},{"extension":[{"url":"http://hl7.org/fhir/tools/StructureDefinition/resource-sort","valueInteger":999999999},{"url":"http://hl7.org/fhir/StructureDefinition/implementationguide-page","valueUri":"ConceptMap-eclaire-study-status-concept-map.html"}],"reference":{"reference":"ConceptMap/eclaire-study-status-concept-map"},"name":"FHIR/Eclaire ResearchStudy status Use Mapping","description":"Correspondance entre le statut défini dans la base Eclaire et le ValueSet http://hl7.org/fhir/R4/valueset-research-study-status.html (required)","exampleBoolean":false,"groupingId":"-map-conceptmap"},{"extension":[{"url":"http://hl7.org/fhir/tools/StructureDefinition/resource-sort","valueInteger":999999999},{"url":"http://hl7.org/fhir/StructureDefinition/implementationguide-page","valueUri":"ResearchStudy-fake-study-example.html"}],"reference":{"reference":"ResearchStudy/fake-study-example"},"name":"Energetic Zebra","description":"This is a fake research study","exampleCanonical":"https://interop.esante.gouv.fr/ig/fhir/eclaire/StructureDefinition/eclaire-researchstudy","groupingId":"-ex-example"},{"extension":[{"url":"http://hl7.org/fhir/tools/StructureDefinition/resource-sort","valueInteger":999999999},{"url":"http://hl7.org/fhir/StructureDefinition/implementationguide-page","valueUri":"ResearchStudy-2022-500014-26-00-example.html"}],"reference":{"reference":"ResearchStudy/2022-500014-26-00-example"},"name":"UNE ETUDE DE PHASE III, RANDOMISEE, OUVERTE, EVALUANT L'EFFICACITE ET LA SECURITE DU GIREDESTRANT EN ASSOCIATION AVEC PHESGO PAR RAPPORT A PHESGO APRES UN TRAITEMENT D'INDUCTION PAR PHESGO+TAXANE CHEZ DES PATIENTES ATTEINTES D'UN CANCER DU SEIN LOCALEMENT AVANCÉ OU METASTATIQUE, HER2-POSITIF ET POSITIF AUX RECEPTEURS DES OESTROGENES, QUI N'A PAS ETE TRAITE AU PREALABLE.","description":"Exemple construit à partir de https://eclaire-api.osc-fr1.scalingo.io/R4/ResearchStudy/2022-500014-26-00","exampleCanonical":"https://interop.esante.gouv.fr/ig/fhir/eclaire/StructureDefinition/eclaire-researchstudy","groupingId":"-ex-example"}],"page":{"extension":[{"url":"http://hl7.org/fhir/tools/StructureDefinition/ig-page-name","valueUrl":"toc.html"}],"nameUrl":"toc.html","title":"Table of Contents","generation":"html","page":[{"extension":[{"url":"http://hl7.org/fhir/tools/StructureDefinition/ig-page-name","valueUrl":"index.html"}],"nameUrl":"index.html","title":"Accueil","generation":"markdown"},{"extension":[{"url":"http://hl7.org/fhir/tools/StructureDefinition/ig-page-name","valueUrl":"specifications_techniques.html"}],"nameUrl":"specifications_techniques.html","title":"Specifications Techniques","generation":"markdown","page":[{"extension":[{"url":"http://hl7.org/fhir/tools/StructureDefinition/ig-page-name","valueUrl":"st_flux1.html"}],"nameUrl":"st_flux1.html","title":"Extraction de données des essais cliniques","generation":"markdown"},{"extension":[{"url":"http://hl7.org/fhir/tools/StructureDefinition/ig-page-name","valueUrl":"st_flux2.html"}],"nameUrl":"st_flux2.html","title":"Recherche des essais cliniques sur critères","generation":"markdown"}]},{"extension":[{"url":"http://hl7.org/fhir/tools/StructureDefinition/ig-page-name","valueUrl":"mapping.html"}],"nameUrl":"mapping.html","title":"Mapping FHIR","generation":"markdown"},{"extension":[{"url":"http://hl7.org/fhir/tools/StructureDefinition/ig-page-name","valueUrl":"search_param.html"}],"nameUrl":"search_param.html","title":"Critères de recherche","generation":"markdown"},{"extension":[{"url":"http://hl7.org/fhir/tools/StructureDefinition/ig-page-name","valueUrl":"modifiers.html"}],"nameUrl":"modifiers.html","title":"Paramètres et modificateurs de requêtes FHIR","generation":"markdown"},{"extension":[{"url":"http://hl7.org/fhir/tools/StructureDefinition/ig-page-name","valueUrl":"change-log.html"}],"nameUrl":"change-log.html","title":"Historique des versions","generation":"markdown"},{"extension":[{"url":"http://hl7.org/fhir/tools/StructureDefinition/ig-page-name","valueUrl":"autres_ressources.html"}],"nameUrl":"autres_ressources.html","title":"Autres Ressources","generation":"markdown","page":[{"extension":[{"url":"http://hl7.org/fhir/tools/StructureDefinition/ig-page-name","valueUrl":"securite.html"}],"nameUrl":"securite.html","title":"Sécurité","generation":"markdown"},{"extension":[{"url":"http://hl7.org/fhir/tools/StructureDefinition/ig-page-name","valueUrl":"downloads.html"}],"nameUrl":"downloads.html","title":"Téléchargements et usages","generation":"markdown"}]},{"extension":[{"url":"http://hl7.org/fhir/tools/StructureDefinition/ig-page-name","valueUrl":"about.html"}],"nameUrl":"about.html","title":"A propos de ce guide","generation":"markdown"},{"extension":[{"url":"http://hl7.org/fhir/tools/StructureDefinition/ig-page-name","valueUrl":"artifacts.html"}],"nameUrl":"artifacts.html","title":"Artifacts Summary","generation":"html","page":[{"extension":[{"url":"http://hl7.org/fhir/tools/StructureDefinition/ig-page-name","valueUrl":"CapabilityStatement-eclaire-consommateur.html"}],"nameUrl":"CapabilityStatement-eclaire-consommateur.html","title":"Eclaire","generation":"generated"},{"extension":[{"url":"http://hl7.org/fhir/tools/StructureDefinition/ig-page-name","valueUrl":"StructureDefinition-eclaire-group.html"}],"nameUrl":"StructureDefinition-eclaire-group.html","title":"ECLAIREGroup","generation":"generated"},{"extension":[{"url":"http://hl7.org/fhir/tools/StructureDefinition/ig-page-name","valueUrl":"StructureDefinition-eclaire-location.html"}],"nameUrl":"StructureDefinition-eclaire-location.html","title":"ECLAIRELocation","generation":"generated"},{"extension":[{"url":"http://hl7.org/fhir/tools/StructureDefinition/ig-page-name","valueUrl":"StructureDefinition-eclaire-researchstudy.html"}],"nameUrl":"StructureDefinition-eclaire-researchstudy.html","title":"ECLAIREResearchStudy","generation":"generated"},{"extension":[{"url":"http://hl7.org/fhir/tools/StructureDefinition/ig-page-name","valueUrl":"StructureDefinition-eclaire-approval-date.html"}],"nameUrl":"StructureDefinition-eclaire-approval-date.html","title":"ECLAIREApprovalDate","generation":"generated"},{"extension":[{"url":"http://hl7.org/fhir/tools/StructureDefinition/ig-page-name","valueUrl":"StructureDefinition-eclaire-arm-intervention.html"}],"nameUrl":"StructureDefinition-eclaire-arm-intervention.html","title":"ECLAIREArmIntervention","generation":"generated"},{"extension":[{"url":"http://hl7.org/fhir/tools/StructureDefinition/ig-page-name","valueUrl":"StructureDefinition-eclaire-associated-party-r5.html"}],"nameUrl":"StructureDefinition-eclaire-associated-party-r5.html","title":"ECLAIREassociatedPartyR5","generation":"generated"},{"extension":[{"url":"http://hl7.org/fhir/tools/StructureDefinition/ig-page-name","valueUrl":"StructureDefinition-eclaire-contact-address.html"}],"nameUrl":"StructureDefinition-eclaire-contact-address.html","title":"ECLAIREContactAddress","generation":"generated"},{"extension":[{"url":"http://hl7.org/fhir/tools/StructureDefinition/ig-page-name","valueUrl":"StructureDefinition-eclaire-contact-affiliation.html"}],"nameUrl":"StructureDefinition-eclaire-contact-affiliation.html","title":"ECLAIREContactAffiliation","generation":"generated"},{"extension":[{"url":"http://hl7.org/fhir/tools/StructureDefinition/ig-page-name","valueUrl":"StructureDefinition-eclaire-contact-name.html"}],"nameUrl":"StructureDefinition-eclaire-contact-name.html","title":"ECLAIREContactName","generation":"generated"},{"extension":[{"url":"http://hl7.org/fhir/tools/StructureDefinition/ig-page-name","valueUrl":"StructureDefinition-eclaire-contact-type.html"}],"nameUrl":"StructureDefinition-eclaire-contact-type.html","title":"ECLAIREContactType","generation":"generated"},{"extension":[{"url":"http://hl7.org/fhir/tools/StructureDefinition/ig-page-name","valueUrl":"StructureDefinition-eclaire-label-r5.html"}],"nameUrl":"StructureDefinition-eclaire-label-r5.html","title":"ECLAIRELabelR5","generation":"generated"},{"extension":[{"url":"http://hl7.org/fhir/tools/StructureDefinition/ig-page-name","valueUrl":"StructureDefinition-eclaire-outcome-measure-r5.html"}],"nameUrl":"StructureDefinition-eclaire-outcome-measure-r5.html","title":"ECLAIREoutcomeMeasureR5","generation":"generated"},{"extension":[{"url":"http://hl7.org/fhir/tools/StructureDefinition/ig-page-name","valueUrl":"StructureDefinition-eclaire-recruitment-period.html"}],"nameUrl":"StructureDefinition-eclaire-recruitment-period.html","title":"ECLAIRERecruitmentPeriod","generation":"generated"},{"extension":[{"url":"http://hl7.org/fhir/tools/StructureDefinition/ig-page-name","valueUrl":"StructureDefinition-eclaire-recruitment-status.html"}],"nameUrl":"StructureDefinition-eclaire-recruitment-status.html","title":"ECLAIRERecruitmentStatus","generation":"generated"},{"extension":[{"url":"http://hl7.org/fhir/tools/StructureDefinition/ig-page-name","valueUrl":"StructureDefinition-eclaire-review-date.html"}],"nameUrl":"StructureDefinition-eclaire-review-date.html","title":"ECLAIREReviewDate","generation":"generated"},{"extension":[{"url":"http://hl7.org/fhir/tools/StructureDefinition/ig-page-name","valueUrl":"StructureDefinition-eclaire-site-contact-name.html"}],"nameUrl":"StructureDefinition-eclaire-site-contact-name.html","title":"ECLAIRESiteContactName","generation":"generated"},{"extension":[{"url":"http://hl7.org/fhir/tools/StructureDefinition/ig-page-name","valueUrl":"StructureDefinition-eclaire-therapeutic-area.html"}],"nameUrl":"StructureDefinition-eclaire-therapeutic-area.html","title":"ECLAIRETherapeuticArea","generation":"generated"},{"extension":[{"url":"http://hl7.org/fhir/tools/StructureDefinition/ig-page-name","valueUrl":"ValueSet-eclaire-study-population-vs.html"}],"nameUrl":"ValueSet-eclaire-study-population-vs.html","title":"Caractérisation de la population Value Set","generation":"generated"},{"extension":[{"url":"http://hl7.org/fhir/tools/StructureDefinition/ig-page-name","valueUrl":"ValueSet-eclaire-regulation-code-vs.html"}],"nameUrl":"ValueSet-eclaire-regulation-code-vs.html","title":"Code de régulation Value Set","generation":"generated"},{"extension":[{"url":"http://hl7.org/fhir/tools/StructureDefinition/ig-page-name","valueUrl":"ValueSet-eclaire-reglementation-precision-vs.html"}],"nameUrl":"ValueSet-eclaire-reglementation-precision-vs.html","title":"Précision sur la réglementation concernant l'essai Value Set","generation":"generated"},{"extension":[{"url":"http://hl7.org/fhir/tools/StructureDefinition/ig-page-name","valueUrl":"ValueSet-eclaire-status-recruitment-vs.html"}],"nameUrl":"ValueSet-eclaire-status-recruitment-vs.html","title":"Statut de recrutement Value Set","generation":"generated"},{"extension":[{"url":"http://hl7.org/fhir/tools/StructureDefinition/ig-page-name","valueUrl":"ValueSet-eclaire-type-contact-vs.html"}],"nameUrl":"ValueSet-eclaire-type-contact-vs.html","title":"Type Contact Value Set","generation":"generated"},{"extension":[{"url":"http://hl7.org/fhir/tools/StructureDefinition/ig-page-name","valueUrl":"ValueSet-eclaire-group-characteristic-kind-vs.html"}],"nameUrl":"ValueSet-eclaire-group-characteristic-kind-vs.html","title":"Type de caractéristique Value Set","generation":"generated"},{"extension":[{"url":"http://hl7.org/fhir/tools/StructureDefinition/ig-page-name","valueUrl":"ValueSet-eclaire-study-outcome-type-vs.html"}],"nameUrl":"ValueSet-eclaire-study-outcome-type-vs.html","title":"Type de conséquence Value Set","generation":"generated"},{"extension":[{"url":"http://hl7.org/fhir/tools/StructureDefinition/ig-page-name","valueUrl":"ValueSet-eclaire-study-title-type-vs.html"}],"nameUrl":"ValueSet-eclaire-study-title-type-vs.html","title":"Type de titre Value Set","generation":"generated"},{"extension":[{"url":"http://hl7.org/fhir/tools/StructureDefinition/ig-page-name","valueUrl":"ValueSet-eclaire-study-phase-source-vs.html"}],"nameUrl":"ValueSet-eclaire-study-phase-source-vs.html","title":"Value Set de la phase de l'essai tel que définie dans la base ECLAIRE","generation":"generated"},{"extension":[{"url":"http://hl7.org/fhir/tools/StructureDefinition/ig-page-name","valueUrl":"ValueSet-eclaire-study-party-role-vs.html"}],"nameUrl":"ValueSet-eclaire-study-party-role-vs.html","title":"Value Set Eclaire pour les différents rôles des parties impliquées dans l'essai","generation":"generated"},{"extension":[{"url":"http://hl7.org/fhir/tools/StructureDefinition/ig-page-name","valueUrl":"ValueSet-eclaire-study-party-organization-type-vs.html"}],"nameUrl":"ValueSet-eclaire-study-party-organization-type-vs.html","title":"Value Set Eclaire pour les types de parties","generation":"generated"},{"extension":[{"url":"http://hl7.org/fhir/tools/StructureDefinition/ig-page-name","valueUrl":"ValueSet-eclaire-study-status-vs.html"}],"nameUrl":"ValueSet-eclaire-study-status-vs.html","title":"Value Set Statut Eclaire de l'essai","generation":"generated"},{"extension":[{"url":"http://hl7.org/fhir/tools/StructureDefinition/ig-page-name","valueUrl":"ValueSet-eclaire-study-phase-vs.html"}],"nameUrl":"ValueSet-eclaire-study-phase-vs.html","title":"Value Set type de phase de l'essai clinique","generation":"generated"},{"extension":[{"url":"http://hl7.org/fhir/tools/StructureDefinition/ig-page-name","valueUrl":"ValueSet-eclaire-category-vs.html"}],"nameUrl":"ValueSet-eclaire-category-vs.html","title":"Value Set type pour spécifier la catégorie l'essai clinique","generation":"generated"},{"extension":[{"url":"http://hl7.org/fhir/tools/StructureDefinition/ig-page-name","valueUrl":"CodeSystem-eclaire-regulation-code-code-system.html"}],"nameUrl":"CodeSystem-eclaire-regulation-code-code-system.html","title":"Code de régulation de l'essai","generation":"generated"},{"extension":[{"url":"http://hl7.org/fhir/tools/StructureDefinition/ig-page-name","valueUrl":"CodeSystem-eclaire-study-population-code-system.html"}],"nameUrl":"CodeSystem-eclaire-study-population-code-system.html","title":"Codes pour caractériser la population de l'étude","generation":"generated"},{"extension":[{"url":"http://hl7.org/fhir/tools/StructureDefinition/ig-page-name","valueUrl":"CodeSystem-eclaire-group-characteristic-kind-code-system.html"}],"nameUrl":"CodeSystem-eclaire-group-characteristic-kind-code-system.html","title":"Codes pour le type de caractéristique du groupe","generation":"generated"},{"extension":[{"url":"http://hl7.org/fhir/tools/StructureDefinition/ig-page-name","valueUrl":"CodeSystem-eclaire-study-party-organization-type-code-system.html"}],"nameUrl":"CodeSystem-eclaire-study-party-organization-type-code-system.html","title":"Définition des différents types d'organisation des parties prenantes inspiré de http://hl7.org/fhir/research-study-party-organization-type","generation":"generated"},{"extension":[{"url":"http://hl7.org/fhir/tools/StructureDefinition/ig-page-name","valueUrl":"CodeSystem-eclaire-study-phase-source-code-system.html"}],"nameUrl":"CodeSystem-eclaire-study-phase-source-code-system.html","title":"Définition des phase de l'essai utilisés dans la base de données ECLAIRE","generation":"generated"},{"extension":[{"url":"http://hl7.org/fhir/tools/StructureDefinition/ig-page-name","valueUrl":"CodeSystem-eclaire-study-party-role-code-system.html"}],"nameUrl":"CodeSystem-eclaire-study-party-role-code-system.html","title":"Définition des rôles des parties prenantes inspiré de http://hl7.org/fhir/research-study-party-role","generation":"generated"},{"extension":[{"url":"http://hl7.org/fhir/tools/StructureDefinition/ig-page-name","valueUrl":"CodeSystem-eclaire-study-status-code-system.html"}],"nameUrl":"CodeSystem-eclaire-study-status-code-system.html","title":"Définition des statuts de l'essai utilisés dans la base de données ECLAIRE","generation":"generated"},{"extension":[{"url":"http://hl7.org/fhir/tools/StructureDefinition/ig-page-name","valueUrl":"CodeSystem-eclaire-study-phase-code-system.html"}],"nameUrl":"CodeSystem-eclaire-study-phase-code-system.html","title":"Définition des type de phase de l'essai cliniques incluant https://hl7.org/fhir/R4/valueset-research-study-phase.html","generation":"generated"},{"extension":[{"url":"http://hl7.org/fhir/tools/StructureDefinition/ig-page-name","valueUrl":"CodeSystem-eclaire-study-title-type-code-system.html"}],"nameUrl":"CodeSystem-eclaire-study-title-type-code-system.html","title":"Définition des types de titre pour l'essai","generation":"generated"},{"extension":[{"url":"http://hl7.org/fhir/tools/StructureDefinition/ig-page-name","valueUrl":"CodeSystem-eclaire-reglementation-precision-code-system.html"}],"nameUrl":"CodeSystem-eclaire-reglementation-precision-code-system.html","title":"Précision sur la réglementation concernant l'essai","generation":"generated"},{"extension":[{"url":"http://hl7.org/fhir/tools/StructureDefinition/ig-page-name","valueUrl":"CodeSystem-eclaire-status-recruitment-code-system.html"}],"nameUrl":"CodeSystem-eclaire-status-recruitment-code-system.html","title":"Statut de recrutement","generation":"generated"},{"extension":[{"url":"http://hl7.org/fhir/tools/StructureDefinition/ig-page-name","valueUrl":"CodeSystem-eclaire-type-contact-code-system.html"}],"nameUrl":"CodeSystem-eclaire-type-contact-code-system.html","title":"Type de contact","generation":"generated"},{"extension":[{"url":"http://hl7.org/fhir/tools/StructureDefinition/ig-page-name","valueUrl":"ConceptMap-eclaire-study-phase-concept-map.html"}],"nameUrl":"ConceptMap-eclaire-study-phase-concept-map.html","title":"FHIR/Eclaire ResearchStudy phase Use Mapping","generation":"generated"},{"extension":[{"url":"http://hl7.org/fhir/tools/StructureDefinition/ig-page-name","valueUrl":"ConceptMap-eclaire-study-status-concept-map.html"}],"nameUrl":"ConceptMap-eclaire-study-status-concept-map.html","title":"FHIR/Eclaire ResearchStudy status Use Mapping","generation":"generated"},{"extension":[{"url":"http://hl7.org/fhir/tools/StructureDefinition/ig-page-name","valueUrl":"ResearchStudy-fake-study-example.html"}],"nameUrl":"ResearchStudy-fake-study-example.html","title":"Energetic Zebra","generation":"generated"},{"extension":[{"url":"http://hl7.org/fhir/tools/StructureDefinition/ig-page-name","valueUrl":"ResearchStudy-2022-500014-26-00-example.html"}],"nameUrl":"ResearchStudy-2022-500014-26-00-example.html","title":"UNE ETUDE DE PHASE III, RANDOMISEE, OUVERTE, EVALUANT L'EFFICACITE ET LA SECURITE DU GIREDESTRANT EN ASSOCIATION AVEC PHESGO PAR RAPPORT A PHESGO APRES UN TRAITEMENT D'INDUCTION PAR PHESGO+TAXANE CHEZ DES PATIENTES ATTEINTES D'UN CANCER DU SEIN LOCALEMENT AVANCÉ OU METASTATIQUE, HER2-POSITIF ET POSITIF AUX RECEPTEURS DES OESTROGENES, QUI N'A PAS ETE TRAITE AU PREALABLE.","generation":"generated"}]}]},"parameter":[{"code":"path-resource","value":"input/capabilities"},{"code":"path-resource","value":"input/examples"},{"code":"path-resource","value":"input/extensions"},{"code":"path-resource","value":"input/models"},{"code":"path-resource","value":"input/operations"},{"code":"path-resource","value":"input/profiles"},{"code":"path-resource","value":"input/resources"},{"code":"path-resource","value":"input/vocabulary"},{"code":"path-resource","value":"input/maps"},{"code":"path-resource","value":"input/testing"},{"code":"path-resource","value":"input/history"},{"code":"path-resource","value":"fsh-generated/resources"},{"code":"path-pages","value":"template/config"},{"code":"path-pages","value":"input/images"},{"code":"path-tx-cache","value":"input-cache/txcache"}]}}