{
  "codeSystems" : [
    {
      "url" : "http://hl7.org/fhir/contact-point-system",
      "version" : "4.0.1",
      "status" : "active",
      "name" : "ContactPointSystem",
      "title" : "ContactPointSystem",
      "description" : "Telecommunications form for contact point.",
      "oids" : ["2.16.840.1.113883.4.642.4.72"],
      "uses" : {
      },
      "http://hl7.org/fhir/R4/valueset-contact-point-system.html" : "ContactPointSystem"
    },
    {
      "url" : "http://hl7.org/fhir/contact-point-use",
      "version" : "4.0.1",
      "status" : "active",
      "name" : "ContactPointUse",
      "title" : "ContactPointUse",
      "description" : "Use of contact point.",
      "oids" : ["2.16.840.1.113883.4.642.4.74"],
      "uses" : {
      },
      "http://hl7.org/fhir/R4/valueset-contact-point-use.html" : "ContactPointUse"
    },
    {
      "url" : "http://hl7.org/fhir/days-of-week",
      "version" : "4.0.1",
      "status" : "active",
      "name" : "DaysOfWeek",
      "title" : "DaysOfWeek",
      "description" : "The days of the week.",
      "oids" : ["2.16.840.1.113883.4.642.4.513"],
      "uses" : {
      },
      "http://hl7.org/fhir/R4/valueset-days-of-week.html" : "DaysOfWeek"
    },
    {
      "url" : "http://hl7.org/fhir/group-type",
      "version" : "4.0.1",
      "status" : "draft",
      "name" : "GroupType",
      "title" : "GroupType",
      "description" : "Types of resources that are part of group.",
      "oids" : ["2.16.840.1.113883.4.642.4.285"],
      "uses" : {
      },
      "http://hl7.org/fhir/R4/valueset-group-type.html" : "GroupType"
    },
    {
      "url" : "http://hl7.org/fhir/identifier-use",
      "version" : "4.0.1",
      "status" : "active",
      "name" : "IdentifierUse",
      "title" : "IdentifierUse",
      "description" : "Identifies the purpose for this identifier, if known .",
      "oids" : ["2.16.840.1.113883.4.642.4.58"],
      "uses" : {
      },
      "http://hl7.org/fhir/R4/valueset-identifier-use.html" : "IdentifierUse"
    },
    {
      "url" : "http://hl7.org/fhir/location-mode",
      "version" : "4.0.1",
      "status" : "draft",
      "name" : "LocationMode",
      "title" : "LocationMode",
      "description" : "Indicates whether a resource instance represents a specific location or a class of locations.",
      "oids" : ["2.16.840.1.113883.4.642.4.331"],
      "uses" : {
      },
      "http://hl7.org/fhir/R4/valueset-location-mode.html" : "LocationMode"
    },
    {
      "url" : "http://hl7.org/fhir/location-status",
      "version" : "4.0.1",
      "status" : "draft",
      "name" : "LocationStatus",
      "title" : "LocationStatus",
      "description" : "Indicates whether the location is still in use.",
      "oids" : ["2.16.840.1.113883.4.642.4.333"],
      "uses" : {
      },
      "http://hl7.org/fhir/R4/valueset-location-status.html" : "LocationStatus"
    },
    {
      "url" : "http://hl7.org/fhir/research-study-status",
      "version" : "4.0.1",
      "status" : "draft",
      "name" : "ResearchStudyStatus",
      "title" : "ResearchStudyStatus",
      "description" : "Codes that convey the current status of the research study.",
      "oids" : ["2.16.840.1.113883.4.642.4.820"],
      "uses" : {
      },
      "ConceptMap-eclaire-study-status-concept-map.html" : "FHIR/Eclaire ResearchStudy status Use Mapping",
      "http://hl7.org/fhir/R4/valueset-research-study-status.html" : "ResearchStudyStatus"
    },
    {
      "url" : "http://snomed.info/sct",
      "version" : null,
      "status" : "active",
      "name" : "SNOMED_CT",
      "title" : "SNOMED CT (all versions)",
      "description" : "SNOMED CT is the most comprehensive and precise clinical health terminology product in the world, owned and distributed around the world by The International Health Terminology Standards Development Organisation (IHTSDO).",
      "oids" : ["2.16.840.1.113883.6.96"],
      "uses" : {
      },
      "http://hl7.org/fhir/R4/valueset-condition-code.html" : "Condition/Problem/Diagnosis Codes"
    },
    {
      "url" : "http://terminology.hl7.org/CodeSystem/location-physical-type",
      "version" : "2.0.1",
      "status" : "active",
      "name" : "LocationType",
      "title" : "Location type",
      "description" : "This example value set defines a set of codes that can be used to indicate the physical form of the Location.\r\rThis includes several 'non physical' codes which are still considered a location.",
      "oids" : ["2.16.840.1.113883.4.642.1.1108"],
      "uses" : {
      },
      "http://hl7.org/fhir/R4/valueset-location-physical-type.html" : "Location type"
    },
    {
      "url" : "http://terminology.hl7.org/CodeSystem/research-study-objective-type",
      "version" : "1.0.0",
      "status" : "draft",
      "name" : "ResearchStudyObjectiveType",
      "title" : "ResearchStudyObjectiveType",
      "description" : "Codes for the kind of study objective.",
      "oids" : ["2.16.840.1.113883.4.642.1.1248"],
      "uses" : {
      },
      "http://hl7.org/fhir/R4/valueset-research-study-objective-type.html" : "ResearchStudyObjectiveType",
      "ValueSet-eclaire-study-outcome-type-vs.html" : "Type de conséquence Value Set"
    },
    {
      "url" : "http://terminology.hl7.org/CodeSystem/research-study-phase",
      "version" : "4.0.1",
      "status" : "draft",
      "name" : "ResearchStudyPhase",
      "title" : "ResearchStudyPhase",
      "description" : "Codes for the stage in the progression of a therapy from initial experimental use in humans in clinical trials to post-market evaluation.",
      "oids" : ["2.16.840.1.113883.4.642.4.1247"],
      "uses" : {
      },
      "ValueSet-eclaire-study-phase-vs.html" : "Value Set type de phase de l'essai clinique",
      "ConceptMap-eclaire-study-phase-concept-map.html" : "FHIR/Eclaire ResearchStudy phase Use Mapping"
    },
    {
      "url" : "http://terminology.hl7.org/CodeSystem/research-study-prim-purp-type",
      "version" : "4.0.1",
      "status" : "draft",
      "name" : "ResearchStudyPrimaryPurposeType",
      "title" : "ResearchStudyPrimaryPurposeType",
      "description" : "Codes for the main intent of the study.",
      "oids" : ["2.16.840.1.113883.4.642.4.1250"],
      "uses" : {
      },
      "http://hl7.org/fhir/R4/valueset-research-study-prim-purp-type.html" : "ResearchStudyPrimaryPurposeType"
    },
    {
      "url" : "http://terminology.hl7.org/CodeSystem/research-study-reason-stopped",
      "version" : "4.0.1",
      "status" : "draft",
      "name" : "ResearchStudyReasonStopped",
      "title" : "ResearchStudyReasonStopped",
      "description" : "Codes for why the study ended prematurely.",
      "oids" : ["2.16.840.1.113883.4.642.4.1249"],
      "uses" : {
      },
      "http://hl7.org/fhir/R4/valueset-research-study-reason-stopped.html" : "ResearchStudyReasonStopped"
    },
    {
      "url" : "http://terminology.hl7.org/CodeSystem/v2-0116",
      "version" : "2.0.0",
      "status" : "active",
      "name" : "BedStatus",
      "title" : "bedStatus",
      "description" : "Code system of concepts which specify the state of a bed in an inpatient setting, and is used to determine if a patient may be assigned to it or not.  Used in HL7 Version 2.x messaging in the DLD and PV1 segments.",
      "oids" : ["2.16.840.1.113883.18.47"],
      "uses" : {
      },
      "http://terminology.hl7.org/6.5.0/ValueSet-v2-0116.html" : "hl7VS-bedStatus"
    },
    {
      "url" : "http://terminology.hl7.org/CodeSystem/v2-0203",
      "version" : "5.0.0",
      "status" : "active",
      "name" : "IdentifierType",
      "title" : "identifierType",
      "description" : "HL7-defined code system of concepts specifying type of identifier. Used in HL7 Version 2.x messaging data types CX, PLN, PPN, XCN and XON.",
      "oids" : ["2.16.840.1.113883.18.108"],
      "uses" : {
      },
      "http://hl7.org/fhir/R4/valueset-identifier-type.html" : "IdentifierType"
    },
    {
      "url" : "http://terminology.hl7.org/CodeSystem/v3-RoleCode",
      "version" : "3.0.0",
      "status" : "active",
      "name" : "RoleCode",
      "title" : "RoleCode",
      "description" : "A set of codes further specifying the kind of Role; specific classification codes for further qualifying RoleClass codes.",
      "oids" : ["2.16.840.1.113883.5.111"],
      "uses" : {
      },
      "http://terminology.hl7.org/6.5.0/ValueSet-v3-ServiceDeliveryLocationRoleType.html" : "ServiceDeliveryLocationRoleType"
    },
    {
      "url" : "https://interop.esante.gouv.fr/ig/fhir/eclaire/CodeSystem/eclaire-group-characteristic-kind-code-system",
      "version" : "0.3.1",
      "status" : "draft",
      "name" : "EclaireGroupCharacteristicKindCS",
      "title" : "Codes pour le type de caractéristique du groupe",
      "description" : "Codes pour le type de caractéristique du groupe de l'étude",
      "uses" : {
      },
      "ValueSet-eclaire-group-characteristic-kind-vs.html" : "Type de caractéristique Value Set"
    },
    {
      "url" : "https://interop.esante.gouv.fr/ig/fhir/eclaire/CodeSystem/eclaire-reglementation-precision-code-system",
      "version" : "0.3.1",
      "status" : "draft",
      "name" : "EclaireReglementationPrecisionCS",
      "title" : "Précision sur la réglementation concernant l'essai",
      "description" : "Précision sur la réglementation concernant l'essai",
      "uses" : {
      },
      "ValueSet-eclaire-reglementation-precision-vs.html" : "Précision sur la réglementation concernant l'essai Value Set",
      "ValueSet-eclaire-category-vs.html" : "Value Set type pour spécifier la catégorie l'essai clinique"
    },
    {
      "url" : "https://interop.esante.gouv.fr/ig/fhir/eclaire/CodeSystem/eclaire-regulation-code-code-system",
      "version" : "0.3.1",
      "status" : "draft",
      "name" : "EclaireRegulationCodeCS",
      "title" : "Code de régulation de l'essai",
      "description" : "Code de régulation de l'essai",
      "uses" : {
      },
      "ValueSet-eclaire-category-vs.html" : "Value Set type pour spécifier la catégorie l'essai clinique",
      "ValueSet-eclaire-regulation-code-vs.html" : "Code de régulation Value Set"
    },
    {
      "url" : "https://interop.esante.gouv.fr/ig/fhir/eclaire/CodeSystem/eclaire-status-recruitment-code-system",
      "version" : "0.3.1",
      "status" : "draft",
      "name" : "EclaireStatusRecruitmentCS",
      "title" : "Statut de recrutement",
      "description" : "Les différents statuts de recrutement pour les essais cliniques",
      "uses" : {
      },
      "ValueSet-eclaire-status-recruitment-vs.html" : "Statut de recrutement Value Set"
    },
    {
      "url" : "https://interop.esante.gouv.fr/ig/fhir/eclaire/CodeSystem/eclaire-study-party-organization-type-code-system",
      "version" : "0.3.1",
      "status" : "draft",
      "name" : "EclaireStudyPartyOrganizationTypeCS",
      "title" : "Définition des différents types d'organisation des parties prenantes inspiré de http://hl7.org/fhir/research-study-party-organization-type",
      "description" : "Différents rôles des parties impliquées dans l'essai",
      "uses" : {
      },
      "ValueSet-eclaire-study-party-organization-type-vs.html" : "Value Set Eclaire pour les types de parties"
    },
    {
      "url" : "https://interop.esante.gouv.fr/ig/fhir/eclaire/CodeSystem/eclaire-study-party-role-code-system",
      "version" : "0.3.1",
      "status" : "draft",
      "name" : "EclaireStudyPartyRoleCS",
      "title" : "Définition des rôles des parties prenantes inspiré de http://hl7.org/fhir/research-study-party-role",
      "description" : "Différents rôles des parties impliqué dans l'essai",
      "uses" : {
      },
      "ValueSet-eclaire-study-party-role-vs.html" : "Value Set Eclaire pour les différents rôles des parties impliquées dans l'essai"
    },
    {
      "url" : "https://interop.esante.gouv.fr/ig/fhir/eclaire/CodeSystem/eclaire-study-phase-code-system",
      "version" : "0.3.1",
      "status" : "draft",
      "name" : "EclaireStudyPhaseCS",
      "title" : "Définition des type de phase de l'essai cliniques incluant https://hl7.org/fhir/R4/valueset-research-study-phase.html",
      "description" : "type de phase de l'essai clinique",
      "uses" : {
      },
      "ValueSet-eclaire-study-phase-vs.html" : "Value Set type de phase de l'essai clinique",
      "ConceptMap-eclaire-study-phase-concept-map.html" : "FHIR/Eclaire ResearchStudy phase Use Mapping"
    },
    {
      "url" : "https://interop.esante.gouv.fr/ig/fhir/eclaire/CodeSystem/eclaire-study-phase-source-code-system",
      "version" : "0.3.1",
      "status" : "draft",
      "name" : "EclaireStudyPhaseSourceCS",
      "title" : "Définition des phase de l'essai utilisés dans la base de données ECLAIRE",
      "description" : "Définition des phases de l'essai utilisées dans la base de données ECLAIRE",
      "uses" : {
      },
      "ConceptMap-eclaire-study-phase-concept-map.html" : "FHIR/Eclaire ResearchStudy phase Use Mapping",
      "ValueSet-eclaire-study-phase-source-vs.html" : "Value Set de la phase de l'essai tel que définie dans la base ECLAIRE"
    },
    {
      "url" : "https://interop.esante.gouv.fr/ig/fhir/eclaire/CodeSystem/eclaire-study-population-code-system",
      "version" : "0.3.1",
      "status" : "draft",
      "name" : "EclaireStudyPopulationCS",
      "title" : "Codes pour caractériser la population de l'étude",
      "description" : "Codes pour caractériser la population ciblée par l'étude",
      "uses" : {
      },
      "ValueSet-eclaire-study-population-vs.html" : "Caractérisation de la population Value Set"
    },
    {
      "url" : "https://interop.esante.gouv.fr/ig/fhir/eclaire/CodeSystem/eclaire-study-status-code-system",
      "version" : "0.3.1",
      "status" : "draft",
      "name" : "EclaireStudyStatusCS",
      "title" : "Définition des statuts de l'essai utilisés dans la base de données ECLAIRE",
      "description" : "Statut de l'essai clinique utilisé dans la base de données ECLAIRE",
      "uses" : {
      },
      "ConceptMap-eclaire-study-status-concept-map.html" : "FHIR/Eclaire ResearchStudy status Use Mapping",
      "ValueSet-eclaire-study-status-vs.html" : "Value Set Statut Eclaire de l'essai"
    },
    {
      "url" : "https://interop.esante.gouv.fr/ig/fhir/eclaire/CodeSystem/eclaire-study-title-type-code-system",
      "version" : "0.3.1",
      "status" : "draft",
      "name" : "EclaireStudyTitleTypeCS",
      "title" : "Définition des types de titre pour l'essai",
      "description" : "Définition des types de titre pour l'essai (Code System inspiré de R5 : https://hl7.org/fhir/codesystem-title-type.html)",
      "uses" : {
      },
      "ValueSet-eclaire-study-title-type-vs.html" : "Type de titre Value Set"
    },
    {
      "url" : "https://interop.esante.gouv.fr/ig/fhir/eclaire/CodeSystem/eclaire-type-contact-code-system",
      "version" : "0.3.1",
      "status" : "draft",
      "name" : "EclaireTypeContactCS",
      "title" : "Type de contact",
      "description" : "Type de contact pour les essais cliniques",
      "uses" : {
      },
      "ValueSet-eclaire-type-contact-vs.html" : "Type Contact Value Set"
    },
    {
      "url" : "urn:ietf:bcp:47",
      "version" : "2.0.1",
      "status" : "active",
      "name" : "Ietf3066",
      "title" : "Tags for the Identification of Languages",
      "description" : "Older value from OID registry.  Superceded; see recommendations in BCP-47.",
      "oids" : ["2.16.840.1.113883.6.121"],
      "uses" : {
      },
      "http://hl7.org/fhir/R4/valueset-languages.html" : "Common Languages"
    },
    {
      "url" : "urn:iso:std:iso:3166",
      "version" : "1.0.1",
      "status" : "active",
      "name" : "ISO3166Part1",
      "title" : "ISO 3166-1 Codes for the representation of names of countries and their subdivisions — Part 1: Country code",
      "description" : "ISO 3166-1 establishes codes that represent the current names of countries, dependencies, and other areas of particular geopolitical interest, on the basis of country names obtained from the United Nations.",
      "oids" : ["1.0.3166.1"],
      "uses" : {
      },
      "http://hl7.org/fhir/R4/valueset-jurisdiction.html" : "Jurisdiction"
    },
    {
      "url" : "urn:iso:std:iso:3166:-2",
      "version" : "2013-11",
      "status" : "retired",
      "name" : "Iso3166_2",
      "title" : "ISO 3166 Part 2 Country Subdivision Codes",
      "description" : "Identifies the coding system published in the ISO 3166-2 Standard for Country Subdivision codes. This standard is released periodically, and a new OID will be assigned by ISO for new editions.",
      "oids" : ["1.0.3166.2"],
      "uses" : {
      },
      "http://hl7.org/fhir/R4/valueset-jurisdiction.html" : "Jurisdiction"
    }
  ]
}
