{
  "resourceType" : "CodeSystem",
  "id" : "32ea1948-18a3-4911-a917-f7e0dc39bfa5-11",
  "url" : "http://hl7.org/fhir/comparison/CodeSystem/32ea1948-18a3-4911-a917-f7e0dc39bfa5-11",
  "name" : "UnionEclaireStatusRecruitmentCSAndEclaireStatusRecruitmentCS",
  "title" : "Union of Statut de recrutement And Statut de recrutement",
  "status" : "draft",
  "date" : "2025-05-19T16:31:47+00:00",
  "jurisdiction" : [{
    "coding" : [{
      "system" : "urn:iso:std:iso:3166",
      "code" : "FR",
      "display" : "FRANCE"
    }]
  }],
  "concept" : [{
    "code" : "recruiting",
    "display" : "Actif / active",
    "definition" : "Recrutement actif"
  },
  {
    "code" : "completed-recruiting",
    "display" : "Terminé / completed ",
    "definition" : "Recrutement terminé"
  }]
}