{
  "resourceType" : "ValueSet",
  "id" : "f286c5fd-9686-43a9-b484-7d32f0558dd0-111",
  "url" : "http://hl7.org/fhir/comparison/ValueSet/f286c5fd-9686-43a9-b484-7d32f0558dd0-111",
  "name" : "IntersectionEclaireStudyPartyRoleVSAndEclaireStudyPartyRoleVS",
  "title" : "Intersection of Value Set Eclaire pour les différents rôles des parties impliquées dans l'essai And Value Set Eclaire pour les différents rôles des parties impliquées dans l'essai",
  "status" : "draft",
  "date" : "2025-05-19T15:15:17+00:00",
  "jurisdiction" : [{
    "coding" : [{
      "system" : "urn:iso:std:iso:3166",
      "code" : "FR",
      "display" : "FRANCE"
    }]
  }]
}