{
  "resourceType" : "ValueSet",
  "id" : "bf439915-c4a8-401c-8a0c-292ecff47d73-128",
  "url" : "http://hl7.org/fhir/comparison/ValueSet/bf439915-c4a8-401c-8a0c-292ecff47d73-128",
  "name" : "UnionEclaireTypeContactVSAndEclaireTypeContactVS",
  "title" : "Union of Type Contact Value Set And Type Contact Value Set",
  "status" : "draft",
  "date" : "2025-05-20T12:39:23+00:00",
  "jurisdiction" : [{
    "coding" : [{
      "system" : "urn:iso:std:iso:3166",
      "code" : "FR",
      "display" : "FRANCE"
    }]
  }]
}