{
  "resourceType" : "ValueSet",
  "id" : "df1224fc-a06f-4325-8e55-a0753fc83494-96",
  "url" : "http://hl7.org/fhir/comparison/ValueSet/df1224fc-a06f-4325-8e55-a0753fc83494-96",
  "name" : "IntersectionEclaireReglementationPrecisionVSAndEclaireReglementationPrecisionVS",
  "title" : "Intersection of Précision sur la réglementation concernant l'essai Value Set And Précision sur la réglementation concernant l'essai Value Set",
  "status" : "draft",
  "date" : "2025-05-20T10:06:11+00:00",
  "jurisdiction" : [{
    "coding" : [{
      "system" : "urn:iso:std:iso:3166",
      "code" : "FR",
      "display" : "FRANCE"
    }]
  }]
}