<?xml version="1.0" encoding="UTF-8"?><ConceptMap xmlns="http://hl7.org/fhir"><id value="eclaire-study-status-concept-map"/><text><status value="generated"/><div xmlns="http://www.w3.org/1999/xhtml"><p class="res-header-id"><b>Generated Narrative: ConceptMap eclaire-study-status-concept-map</b></p><a name="eclaire-study-status-concept-map"> </a><a name="hceclaire-study-status-concept-map"> </a><a name="eclaire-study-status-concept-map-fr-FR"> </a><p>Mapping from <a href="ValueSet-eclaire-study-status-vs.html">Value Set Statut Eclaire de l'essai</a> to <a href="http://hl7.org/fhir/R4/valueset-research-study-status.html">ResearchStudyStatus</a></p><br/><p><b>Group 1 </b>Mapping from <a href="CodeSystem-eclaire-study-status-code-system.html">Définition des statuts de l'essai utilisés dans la base de données ECLAIRE</a> to <a href="http://hl7.org/fhir/R4/codesystem-research-study-status.html">ResearchStudyStatus</a></p><table class="grid"><tr><td><b>Source Code</b></td><td><b>relation</b></td><td><b>Target Code</b></td></tr><tr><td>a-demarrer (A démarrer)</td><td><a href="http://hl7.org/fhir/R5/codesystem-concept-map-relationship.html#equivalent" title="equivalent">is equivalent to</a></td><td>approved</td></tr><tr><td>en-cours</td><td><a href="http://hl7.org/fhir/R5/codesystem-concept-map-relationship.html#equivalent" title="equivalent">is equivalent to</a></td><td>active</td></tr><tr><td>suspendue</td><td><a href="http://hl7.org/fhir/R5/codesystem-concept-map-relationship.html#equivalent" title="equivalent">is equivalent to</a></td><td>temporarily-closed-to-accrual</td></tr><tr><td>suspendue</td><td><a href="http://hl7.org/fhir/R5/codesystem-concept-map-relationship.html#equivalent" title="equivalent">is equivalent to</a></td><td>temporarily-closed-to-accrual-and-intervention</td></tr><tr><td>prorogee (Prorogée)</td><td><a href="http://hl7.org/fhir/R5/codesystem-concept-map-relationship.html#equivalent" title="equivalent">is equivalent to</a></td><td>approved</td></tr><tr><td>expiree (Expirée)</td><td><a href="http://hl7.org/fhir/R5/codesystem-concept-map-relationship.html#equivalent" title="equivalent">is equivalent to</a></td><td>approved</td></tr><tr><td>terminee (Terminée)</td><td><a href="http://hl7.org/fhir/R5/codesystem-concept-map-relationship.html#equivalent" title="equivalent">is equivalent to</a></td><td>completed</td></tr><tr><td>terminee-fin-anticipee (Terminée (fin anticipée))</td><td><a href="http://hl7.org/fhir/R5/codesystem-concept-map-relationship.html#equivalent" title="equivalent">is equivalent to</a></td><td>administratively-completed</td></tr><tr><td>archivee (Archivée)</td><td><a href="http://hl7.org/fhir/R5/codesystem-concept-map-relationship.html#equivalent" title="equivalent">is equivalent to</a></td><td>completed</td></tr><tr><td>abandonnee (Abandonnée)</td><td><a href="http://hl7.org/fhir/R5/codesystem-concept-map-relationship.html#equivalent" title="equivalent">is equivalent to</a></td><td>withdrawn</td></tr></table></div></text><url value="https://interop.esante.gouv.fr/ig/fhir/eclaire/ConceptMap/eclaire-study-status-concept-map"/><version value="0.3.1"/><name value="FHIR_Eclaire_status_concept_map"/><title value="FHIR/Eclaire ResearchStudy status Use Mapping"/><status value="draft"/><experimental value="true"/><date value="2025-05-20T12:25:23+00:00"/><publisher value="ANS"/><contact><name value="ANS"/><telecom><system value="url"/><value value="https://esante.gouv.fr"/></telecom></contact><description value="Correspondance entre le statut défini dans la base Eclaire et le ValueSet http://hl7.org/fhir/R4/valueset-research-study-status.html (required)"/><jurisdiction><coding><system value="urn:iso:std:iso:3166"/><code value="FR"/><display value="FRANCE"/></coding></jurisdiction><sourceUri value="eclaire-study-status-vs"/><targetUri value="http://hl7.org/fhir/ValueSet/research-study-status"/><group><source value="eclaire-study-status-code-system"/><target value="http://hl7.org/fhir/research-study-status"/><element><code value="a-demarrer"/><target><code value="approved"/><equivalence value="equivalent"/></target></element><element><code value="en-cours"/><target><code value="active"/><equivalence value="equivalent"/></target></element><element><code value="suspendue"/><target><code value="temporarily-closed-to-accrual"/><equivalence value="equivalent"/></target></element><element><code value="suspendue"/><target><code value="temporarily-closed-to-accrual-and-intervention"/><equivalence value="equivalent"/></target></element><element><code value="prorogee"/><target><code value="approved"/><equivalence value="equivalent"/></target></element><element><code value="expiree"/><target><code value="approved"/><equivalence value="equivalent"/></target></element><element><code value="terminee"/><target><code value="completed"/><equivalence value="equivalent"/></target></element><element><code value="terminee-fin-anticipee"/><target><code value="administratively-completed"/><equivalence value="equivalent"/></target></element><element><code value="archivee"/><target><code value="completed"/><equivalence value="equivalent"/></target></element><element><code value="abandonnee"/><target><code value="withdrawn"/><equivalence value="equivalent"/></target></element></group></ConceptMap>