<?xml version="1.0" encoding="UTF-8"?><ValueSet xmlns="http://hl7.org/fhir"><id value="eclaire-study-phase-vs"/><text><status value="generated"/><div xmlns="http://www.w3.org/1999/xhtml"><p class="res-header-id"><b>Generated Narrative: ValueSet eclaire-study-phase-vs</b></p><a name="eclaire-study-phase-vs"> </a><a name="hceclaire-study-phase-vs"> </a><a name="eclaire-study-phase-vs-fr-FR"> </a><p>Ce jeu de valeur (ValueSet) inclut les codes selon les règles suivantes :</p><ul><li>Inclut tous les codes définis dans <a href="http://terminology.hl7.org/6.3.0/CodeSystem-research-study-phase.html"><code>http://terminology.hl7.org/CodeSystem/research-study-phase</code></a></li><li>Inclut tous les codes définis dans <a href="CodeSystem-eclaire-study-phase-code-system.html"><code>https://interop.esante.gouv.fr/ig/fhir/eclaire/CodeSystem/eclaire-study-phase-code-system</code></a></li></ul></div></text><url value="https://interop.esante.gouv.fr/ig/fhir/eclaire/ValueSet/eclaire-study-phase-vs"/><version value="0.3.1"/><name value="EclaireStudyPhaseVS"/><title value="Value Set type de phase de l'essai clinique"/><status value="draft"/><date value="2025-05-19T16:48:48+00:00"/><publisher value="ANS"/><contact><name value="ANS"/><telecom><system value="url"/><value value="https://esante.gouv.fr"/></telecom></contact><description value="Value Set type de phase Eclaire de l'essai clinique."/><jurisdiction><coding><system value="urn:iso:std:iso:3166"/><code value="FR"/><display value="FRANCE"/></coding></jurisdiction><compose><include><system value="http://terminology.hl7.org/CodeSystem/research-study-phase"/></include><include><system value="https://interop.esante.gouv.fr/ig/fhir/eclaire/CodeSystem/eclaire-study-phase-code-system"/></include></compose></ValueSet>