<?xml version="1.0" encoding="UTF-8"?><ValueSet xmlns="http://hl7.org/fhir"><id value="eclaire-study-phase-source-vs"/><text><status value="generated"/><div xmlns="http://www.w3.org/1999/xhtml"><p class="res-header-id"><b>Generated Narrative: ValueSet eclaire-study-phase-source-vs</b></p><a name="eclaire-study-phase-source-vs"> </a><a name="hceclaire-study-phase-source-vs"> </a><a name="eclaire-study-phase-source-vs-fr-FR"> </a><ul><li>Include tous les codes définis dans <a href="CodeSystem-eclaire-study-phase-source-code-system.html"><code>https://interop.esante.gouv.fr/ig/fhir/eclaire/CodeSystem/eclaire-study-phase-source-code-system</code></a></li></ul></div></text><url value="https://interop.esante.gouv.fr/ig/fhir/eclaire/ValueSet/eclaire-study-phase-source-vs"/><version value="0.3.1"/><name value="EclaireStudyPhaseSourceVS"/><title value="Value Set de la phase de l'essai tel que définie dans la base ECLAIRE"/><status value="draft"/><date value="2025-05-20T09:51:21+00:00"/><publisher value="ANS"/><contact><name value="ANS"/><telecom><system value="url"/><value value="https://esante.gouv.fr"/></telecom></contact><description value="Value Set de la phase de l'essai clinique tel qu'il est défini dans la base ECLAIRE"/><jurisdiction><coding><system value="urn:iso:std:iso:3166"/><code value="FR"/><display value="FRANCE"/></coding></jurisdiction><compose><include><system value="https://interop.esante.gouv.fr/ig/fhir/eclaire/CodeSystem/eclaire-study-phase-source-code-system"/></include></compose></ValueSet>