{
  "resourceType" : "CodeSystem",
  "id" : "9edb6d27-ec7e-4055-a9f6-3341eec102e7-15",
  "url" : "http://hl7.org/fhir/comparison/CodeSystem/9edb6d27-ec7e-4055-a9f6-3341eec102e7-15",
  "name" : "IntersectionEclaireStudyPartyOrganizationTypeCSAndEclaireStudyPartyOrganizationTypeCS",
  "title" : "Intersection of Définition des différents types d'organisation des parties prenantes inspiré de http://hl7.org/fhir/research-study-party-organization-type And Définition des différents types d'organisation des parties prenantes inspiré de http://hl7.org/fhir/research-study-party-organization-type",
  "status" : "draft",
  "date" : "2024-03-14T13:53:20+00:00",
  "jurisdiction" : [{
    "coding" : [{
      "system" : "urn:iso:std:iso:3166",
      "code" : "FR",
      "display" : "FRANCE"
    }]
  }],
  "concept" : [{
    "code" : "government",
    "display" : "Gouvernemental / Government"
  },
  {
    "code" : "nonprofit",
    "display" : "Sans but lucratif / Nonprofit"
  },
  {
    "code" : "academic",
    "display" : "Académique / Academic"
  },
  {
    "code" : "industry",
    "display" : "Industriel / Industry"
  }]
}