{
  "resourceType" : "ValueSet",
  "id" : "b003a1eb-accc-46db-ab41-6d835bb4499d-99",
  "url" : "http://hl7.org/fhir/comparison/ValueSet/b003a1eb-accc-46db-ab41-6d835bb4499d-99",
  "name" : "IntersectionEclaireRegulationCodeVSAndEclaireRegulationCodeVS",
  "title" : "Intersection of Code de régulation Value Set And Code de régulation Value Set",
  "status" : "draft",
  "date" : "2025-07-17T13:21:12+00:00",
  "jurisdiction" : [{
    "coding" : [{
      "system" : "urn:iso:std:iso:3166",
      "code" : "FR",
      "display" : "FRANCE"
    }]
  }]
}