{
  "resourceType" : "ValueSet",
  "id" : "07ef5db1-640b-44ce-8239-323f6e5fa2a3-123",
  "url" : "http://hl7.org/fhir/comparison/ValueSet/07ef5db1-640b-44ce-8239-323f6e5fa2a3-123",
  "name" : "IntersectionEclaireStudyStatusVSAndEclaireStudyStatusVS",
  "title" : "Intersection of Value Set Statut Eclaire de l'essai And Value Set Statut Eclaire de l'essai",
  "status" : "draft",
  "date" : "2025-07-21T16:41:40+00:00",
  "jurisdiction" : [{
    "coding" : [{
      "system" : "urn:iso:std:iso:3166",
      "code" : "FR",
      "display" : "FRANCE"
    }]
  }]
}