{
  "resourceType" : "ValueSet",
  "id" : "9edb6d27-ec7e-4055-a9f6-3341eec102e7-101",
  "url" : "http://hl7.org/fhir/comparison/ValueSet/9edb6d27-ec7e-4055-a9f6-3341eec102e7-101",
  "name" : "UnionEclaireStatusRecruitementVSAndEclaireStatusRecruitementVS",
  "title" : "Union of Statut de recrutement Value Set And Statut de recrutement Value Set",
  "status" : "draft",
  "date" : "2024-03-14T13:53:20+00:00",
  "jurisdiction" : [{
    "coding" : [{
      "system" : "urn:iso:std:iso:3166",
      "code" : "FR",
      "display" : "FRANCE"
    }]
  }]
}