<?xml version="1.0" encoding="UTF-8"?>

<CodeSystem xmlns="http://hl7.org/fhir">
  <id value="eclaire-study-party-role-code-system"/>
  <text>
    <status value="generated"/><div xmlns="http://www.w3.org/1999/xhtml"><p class="res-header-id"><b>Narratif généré : CodeSystem eclaire-study-party-role-code-system</b></p><a name="eclaire-study-party-role-code-system"> </a><a name="hceclaire-study-party-role-code-system"> </a><p>This case-sensitive code system <code>https://interop.esante.gouv.fr/ig/fhir/eclaire/CodeSystem/eclaire-study-party-role-code-system</code> defines the following codes:</p><table class="codes"><tr><td style="white-space:nowrap"><b>Code</b></td><td><b>Display</b></td><td><b>Définition</b></td></tr><tr><td style="white-space:nowrap">sponsor<a name="eclaire-study-party-role-code-system-sponsor"> </a></td><td>sponsor</td><td>sponsor</td></tr><tr><td style="white-space:nowrap">lead-sponsor<a name="eclaire-study-party-role-code-system-lead-sponsor"> </a></td><td>lead-sponsor</td><td>lead-sponsor</td></tr><tr><td style="white-space:nowrap">sponsor-investigator<a name="eclaire-study-party-role-code-system-sponsor-investigator"> </a></td><td>sponsor-investigator</td><td>sponsor-investigator</td></tr><tr><td style="white-space:nowrap">primary-investigator<a name="eclaire-study-party-role-code-system-primary-investigator"> </a></td><td>primary-investigator</td><td>primary-investigator</td></tr><tr><td style="white-space:nowrap">collaborator<a name="eclaire-study-party-role-code-system-collaborator"> </a></td><td>collaborator</td><td>collaborator</td></tr><tr><td style="white-space:nowrap">funding-source<a name="eclaire-study-party-role-code-system-funding-source"> </a></td><td>funding-source</td><td>funding-source</td></tr><tr><td style="white-space:nowrap">general-contact<a name="eclaire-study-party-role-code-system-general-contact"> </a></td><td>general-contact</td><td>general-contact</td></tr><tr><td style="white-space:nowrap">recruitment-contact<a name="eclaire-study-party-role-code-system-recruitment-contact"> </a></td><td>recruitment-contact</td><td>recruitment-contact</td></tr><tr><td style="white-space:nowrap">sub-investigator<a name="eclaire-study-party-role-code-system-sub-investigator"> </a></td><td>sub-investigator</td><td>sub-investigator</td></tr><tr><td style="white-space:nowrap">study-director<a name="eclaire-study-party-role-code-system-study-director"> </a></td><td>study-director</td><td>study-director</td></tr><tr><td style="white-space:nowrap">study-chair<a name="eclaire-study-party-role-code-system-study-chair"> </a></td><td>study-chair</td><td>study-chair</td></tr><tr><td style="white-space:nowrap">ethics<a name="eclaire-study-party-role-code-system-ethics"> </a></td><td>Ethics Review Board</td><td>Ethics Review Board</td></tr></table></div>
  </text>
  <url value="https://interop.esante.gouv.fr/ig/fhir/eclaire/CodeSystem/eclaire-study-party-role-code-system"/>
  <version value="0.3.1"/>
  <name value="EclaireStudyPartyRoleCS"/>
  <title value="Définition des rôles des parties prenantes inspiré de http://hl7.org/fhir/research-study-party-role"/>
  <status value="draft"/>
  <date value="2025-07-16T09:38:26+00:00"/>
  <publisher value="ANS"/>
  <contact>
    <name value="ANS"/>
    <telecom>
      <system value="url"/>
      <value value="https://esante.gouv.fr"/>
    </telecom>
  </contact>
  <description value="Différents rôles des parties impliqué dans l'essai"/>
  <jurisdiction>
    <coding>
      <system value="urn:iso:std:iso:3166"/>
      <code value="FR"/>
      <display value="FRANCE"/>
    </coding>
  </jurisdiction>
  <caseSensitive value="true"/>
  <content value="complete"/>
  <count value="12"/>
  <concept>
    <code value="sponsor"/>
    <display value="sponsor"/>
    <definition value="sponsor"/>
  </concept>
  <concept>
    <code value="lead-sponsor"/>
    <display value="lead-sponsor"/>
    <definition value="lead-sponsor"/>
  </concept>
  <concept>
    <code value="sponsor-investigator"/>
    <display value="sponsor-investigator"/>
    <definition value="sponsor-investigator"/>
  </concept>
  <concept>
    <code value="primary-investigator"/>
    <display value="primary-investigator"/>
    <definition value="primary-investigator"/>
  </concept>
  <concept>
    <code value="collaborator"/>
    <display value="collaborator"/>
    <definition value="collaborator"/>
  </concept>
  <concept>
    <code value="funding-source"/>
    <display value="funding-source"/>
    <definition value="funding-source"/>
  </concept>
  <concept>
    <code value="general-contact"/>
    <display value="general-contact"/>
    <definition value="general-contact"/>
  </concept>
  <concept>
    <code value="recruitment-contact"/>
    <display value="recruitment-contact"/>
    <definition value="recruitment-contact"/>
  </concept>
  <concept>
    <code value="sub-investigator"/>
    <display value="sub-investigator"/>
    <definition value="sub-investigator"/>
  </concept>
  <concept>
    <code value="study-director"/>
    <display value="study-director"/>
    <definition value="study-director"/>
  </concept>
  <concept>
    <code value="study-chair"/>
    <display value="study-chair"/>
    <definition value="study-chair"/>
  </concept>
  <concept>
    <code value="ethics"/>
    <display value="Ethics Review Board"/>
    <definition value="Ethics Review Board"/>
  </concept>
</CodeSystem>