<?xml version="1.0" encoding="UTF-8"?>

<ValueSet xmlns="http://hl7.org/fhir">
  <id value="eclaire-study-status-vs"/>
  <text>
    <status value="generated"/><div xmlns="http://www.w3.org/1999/xhtml"><p class="res-header-id"><b>Narratif généré : EnsembleValeurs eclaire-study-status-vs</b></p><a name="eclaire-study-status-vs"> </a><a name="hceclaire-study-status-vs"> </a><ul><li>Include tous les codes définis dans <a href="CodeSystem-eclaire-study-status-code-system.html"><code>https://interop.esante.gouv.fr/ig/fhir/eclaire/CodeSystem/eclaire-study-status-code-system</code></a></li></ul></div>
  </text>
  <url value="https://interop.esante.gouv.fr/ig/fhir/eclaire/ValueSet/eclaire-study-status-vs"/>
  <version value="0.3.1"/>
  <name value="EclaireStudyStatusVS"/>
  <title value="Value Set Statut Eclaire de l'essai"/>
  <status value="draft"/>
  <date value="2025-07-23T16:56:41+00:00"/>
  <publisher value="ANS"/>
  <contact>
    <name value="ANS"/>
    <telecom>
      <system value="url"/>
      <value value="https://esante.gouv.fr"/>
    </telecom>
  </contact>
  <description value="Value Set Statut Eclaire de l'essai clinique."/>
  <jurisdiction>
    <coding>
      <system value="urn:iso:std:iso:3166"/>
      <code value="FR"/>
      <display value="FRANCE"/>
    </coding>
  </jurisdiction>
  <compose>
    <include>
      <system value="https://interop.esante.gouv.fr/ig/fhir/eclaire/CodeSystem/eclaire-study-status-code-system"/>
    </include>
  </compose>
</ValueSet>