{
  "resourceType" : "ValueSet",
  "id" : "60aee8a4-184c-48dd-8d00-947f1f0ddd68-120",
  "url" : "http://hl7.org/fhir/comparison/ValueSet/60aee8a4-184c-48dd-8d00-947f1f0ddd68-120",
  "name" : "IntersectionEclaireStudyPopulationVSAndEclaireStudyPopulationVS",
  "title" : "Intersection of Caractérisation de la population Value Set And Caractérisation de la population Value Set",
  "status" : "draft",
  "date" : "2025-07-17T12:30:58+00:00",
  "jurisdiction" : [{
    "coding" : [{
      "system" : "urn:iso:std:iso:3166",
      "code" : "FR",
      "display" : "FRANCE"
    }]
  }]
}