{
  "resourceType" : "CodeSystem",
  "id" : "f8d5b968-f2ac-4ac7-ae2f-7be1db4db758-5",
  "url" : "http://hl7.org/fhir/comparison/CodeSystem/f8d5b968-f2ac-4ac7-ae2f-7be1db4db758-5",
  "name" : "UnionEclaireReglementationPrecisionCSAndEclaireReglementationPrecisionCS",
  "title" : "Union of Précision sur la réglementation concernant l'essai And Précision sur la réglementation concernant l'essai",
  "status" : "draft",
  "date" : "2025-07-21T14:52:40+00:00",
  "jurisdiction" : [{
    "coding" : [{
      "system" : "urn:iso:std:iso:3166",
      "code" : "FR",
      "display" : "FRANCE"
    }]
  }],
  "concept" : [{
    "code" : "IC-Cas-1",
    "display" : "IC-Cas 1 (DM)"
  },
  {
    "code" : "IC-Cas-2",
    "display" : "IC-Cas 2 (DM)"
  },
  {
    "code" : "IC-Cas-3",
    "display" : "IC-Cas 3 (DM)"
  },
  {
    "code" : "IC-Cas-4-1",
    "display" : "IC-Cas 4.1 (DM)"
  },
  {
    "code" : "IC-Cas-4-2",
    "display" : "IC-Cas 4.2 (DM)"
  },
  {
    "code" : "IC-Cas-4-3",
    "display" : "IC-Cas 4.3 (DM)"
  },
  {
    "code" : "IC-Cas-4-4",
    "display" : "IC-Cas 4.4 (DM)"
  },
  {
    "code" : "EP-Cas-1",
    "display" : "EP-Cas 1 (DM)"
  },
  {
    "code" : "EP-Cas-2",
    "display" : "EP-Cas 2 (DM)"
  },
  {
    "code" : "EP-Cas-3",
    "display" : "EP-Cas 3 (DM)"
  },
  {
    "code" : "cat1-jarde",
    "display" : "Catégorie 1 (JARDE)"
  },
  {
    "code" : "cat2-jarde",
    "display" : "Catégorie 2 (JARDE)"
  },
  {
    "code" : "cat3-jarde",
    "display" : "Catégorie 3 (JARDE)"
  },
  {
    "code" : "cat3-questionnaire-jarde",
    "display" : "Catégorie 3 questionnaire (JARDE)"
  },
  {
    "code" : "derog-obligation-info-jarde",
    "display" : "Dérogation à l’obligation d’information (JARDE)"
  },
  {
    "code" : "study-low-inter-ctis",
    "display" : "un essai clinique à faible intervention (CTIS)"
  },
  {
    "code" : "study-ctis",
    "display" : "un essai clinique (CTIS)"
  }]
}