{
  "resourceType" : "ValueSet",
  "id" : "cda66087-40be-40cc-8251-dbf42cbe197c-116",
  "url" : "http://hl7.org/fhir/comparison/ValueSet/cda66087-40be-40cc-8251-dbf42cbe197c-116",
  "name" : "UnionEclaireStudyPhaseVSAndEclaireStudyPhaseVS",
  "title" : "Union of Value Set type de phase de l'essai clinique And Value Set type de phase de l'essai clinique",
  "status" : "draft",
  "date" : "2025-07-24T16:29:45+00:00",
  "jurisdiction" : [{
    "coding" : [{
      "system" : "urn:iso:std:iso:3166",
      "code" : "FR",
      "display" : "FRANCE"
    }]
  }]
}