<?xml version="1.0" encoding="UTF-8"?><CapabilityStatement xmlns="http://hl7.org/fhir"><id value="eclaire-consommateur"/><text><status value="extensions"/><div xmlns="http://www.w3.org/1999/xhtml"><p class="res-header-id"><b>Narratif généré : CapabilityStatement eclaire-consommateur</b></p><a name="eclaire-consommateur"> </a><a name="hceclaire-consommateur"> </a><h2 id="title">Eclaire</h2><ul><li>Version du guide dimplémentation : {0} </li><li>Version de FHIR : 4.0.1 </li><li>Supported Formats: <code>application/fhir+json</code></li><li>Supported Patch Formats: </li><li>Publié sur : 2023-07-04 </li><li>Publié par : ANS </li></ul><blockquote class="impl-note"><p><strong>Note aux implémenteurs : capacités FHIR</strong></p><p>Any FHIR capability may be 'allowed' by the system unless explicitly marked as 'SHALL NOT'. A few items are marked as MAY in the Implementation Guide to highlight their potential relevance to the use case.</p></blockquote><h3 id="shallIGs">DOIT prendre en charge les guides d’implémentation suivants.</h3><ul><li><a href="index.html">https://interop.esante.gouv.fr/ig/fhir/eclaire/ImplementationGuide/ans.fhir.fr.eclaire</a></li></ul><h2 id="rest">FHIR RESTful Capabilities</h2><div class="panel panel-default"><div class="panel-heading"><h3 id="mode1" class="panel-title">Mode: <code>server</code></h3></div><div class="panel-body"><div><p>Recherche et consultation des essais cliniques</p>
</div><div class="lead"><em>Security</em></div><div class="lead"><em>Summary of System-wide Interactions</em></div></div></div><h3 id="resourcesCap1">Capabilities by Resource/Profile</h3><h4 id="resourcesSummary1">Résumé</h4><p>Le tableau récapitulatif liste les ressources faisant partie de cette configuration, et pour chaque ressource, il liste :</p><ul><li>The relevant profiles (if any)</li><li>Les interactions supportées par chaque ressource (<b><span class="bg-info">R</span></b>ead, <b><span class="bg-info">S</span></b>earch, <b><span class="bg-info">U</span></b>pdate, and <b><span class="bg-info">C</span></b>reate, are always shown, while <b><span class="bg-info">VR</span></b>ead, <b><span class="bg-info">P</span></b>atch, <b><span class="bg-info">D</span></b>elete, <b><span class="bg-info">H</span></b>istory on <b><span class="bg-info">I</span></b>nstance, or <b><span class="bg-info">H</span></b>istory on <b><span class="bg-info">T</span></b>!!les types sont seulement présents si au moins une des ressources les prend en charge.</li><li><span>Les paramètres de recherche (SearchParameters) requis, recommandés, optionnels (le cas échéant). </span></li><li>The linked resources enabled for <code>_include</code></li><li>The other resources enabled for <code>_revinclude</code></li><li>The operations on the resource (if any)</li></ul><div class="table-responsive"><table class="table table-condensed table-hover"><thead><tr><th><b>Type de Ressource</b></th><th><b>Profil</b></th><th class="text-center"><b title="GET dune ressource (interaction read)">R</b></th><th class="text-center"><b title="GET all set of resources of the type (search interaction)">S</b></th><th class="text-center"><b title="PUT a new resource version (update interaction)">U</b></th><th class="text-center"><b title="POST dune nouvelle ressource (interaction create)">C</b></th><th><b title="Paramètres de recherche requis et recommandés">Recherches</b></th><th><code><b>_include</b></code></th><th><code><b>_revinclude</b></code></th><th><b>Opérations</b></th></tr></thead><tbody><tr><td><a href="#ResearchStudy1-1">ResearchStudy</a></td><td><a href="StructureDefinition-eclaire-researchstudy.html">https://interop.esante.gouv.fr/ig/fhir/eclaire/StructureDefinition/eclaire-researchstudy</a></td><td class="text-center">y</td><td class="text-center">y</td><td class="text-center"></td><td class="text-center"></td><td>_id, _lastUpdated</td><td/><td/><td/></tr></tbody></table></div><hr/><div class="panel panel-default"><div class="panel-heading"><h4 id="ResearchStudy1-1" class="panel-title"><span style="float: right;">Resource Conformance: supported </span>ResearchStudy</h4></div><div class="panel-body"><div class="container"><div class="row"><div class="col-lg-6"><span class="lead">Base System Profile</span><br/><a href="StructureDefinition-eclaire-researchstudy.html">ECLAIREResearchStudy</a></div><div class="col-lg-3"><span class="lead">Conformité au Profil</span><br/><b>SHALL</b></div><div class="col-lg-3"><span class="lead">Reference Policy</span><br/></div></div><p/><div class="row"><div class="col-lg-6"><span class="lead">Résumé des interactions</span><br/><ul><li>Supports <code>search-type</code>, <code>read</code>.</li></ul></div></div><p/><div class="row"><div class="col-lg-7"><span class="lead">Paramètres de recherche</span><table class="table table-condensed table-hover"><thead><tr><th>Conformité</th><th>Paramètre</th><th>Type</th><th>Documentation</th></tr></thead><tbody><tr><td><b>SHALL</b></td><td><a href="http://hl7.org/fhir/R4/resource.html#search">_id</a></td><td><code>token</code></td><td><div><p>Identifiant logique de la ressource</p>
</div></td></tr><tr><td><b>SHALL</b></td><td><a href="http://hl7.org/fhir/R4/resource.html#search">_lastUpdated</a></td><td><code>date</code></td><td><div><p>Date de la dernière mise a jour</p>
</div></td></tr></tbody></table></div><div class="col-lg-5"> </div></div></div></div></div></div></text><url value="https://interop.esante.gouv.fr/ig/fhir/eclaire/CapabilityStatement/eclaire-consommateur"/><version value="0.3.1"/><name value="Eclaire"/><title value="Eclaire"/><status value="active"/><experimental value="true"/><date value="2023-07-04"/><publisher value="ANS"/><contact><name value="ANS"/><telecom><system value="url"/><value value="https://esante.gouv.fr"/></telecom></contact><description value="Système ECLAIRE (Essais CLiniques Accessibles Interconnectés pour la Recherche ouverts à l'Ecosystème)"/><jurisdiction><coding><system value="urn:iso:std:iso:3166"/><code value="FR"/><display value="FRANCE"/></coding></jurisdiction><kind value="requirements"/><fhirVersion value="4.0.1"/><format value="application/fhir+json"/><implementationGuide value="https://interop.esante.gouv.fr/ig/fhir/eclaire/ImplementationGuide/ans.fhir.fr.eclaire"/><rest><mode value="server"/><documentation value="Recherche et consultation des essais cliniques"/><security><cors value="false"/></security><resource><type value="ResearchStudy"/><profile value="https://interop.esante.gouv.fr/ig/fhir/eclaire/StructureDefinition/eclaire-researchstudy"/><interaction><code value="search-type"/></interaction><interaction><code value="read"/></interaction><searchParam><name value="_id"/><definition value="http://hl7.org/fhir/SearchParameter/Resource-id"/><type value="token"/><documentation value="Identifiant logique de la ressource"/></searchParam><searchParam><name value="_lastUpdated"/><definition value="http://hl7.org/fhir/SearchParameter/Resource-lastUpdated"/><type value="date"/><documentation value="Date de la dernière mise a jour"/></searchParam></resource></rest></CapabilityStatement>