<?xml version="1.0" encoding="UTF-8"?><ConceptMap xmlns="http://hl7.org/fhir"><id value="eclaire-study-phase-concept-map"/><text><status value="generated"/><div xmlns="http://www.w3.org/1999/xhtml"><p class="res-header-id"><b>Narratif généré : CarteDeConcepts eclaire-study-phase-concept-map</b></p><a name="eclaire-study-phase-concept-map"> </a><a name="hceclaire-study-phase-concept-map"> </a><p>Mapping from <a href="ValueSet-eclaire-study-phase-source-vs.html">Value Set de la phase de l'essai tel que définie dans la base ECLAIRE</a> to <a href="ValueSet-eclaire-study-phase-vs.html">Value Set type de phase de l'essai clinique</a></p><br/><p><b>Group 1 </b>Mapping from <a href="CodeSystem-eclaire-study-phase-source-code-system.html">Définition des phase de l'essai utilisés dans la base de données ECLAIRE</a> to <a href="http://terminology.hl7.org/6.5.0/CodeSystem-research-study-phase.html">ResearchStudyPhase</a></p><table class="grid"><tr><td><b>Source Code</b></td><td><b>relation</b></td><td><b>Target Code</b></td></tr><tr><td>jarde-early (Jardé phase précoce)</td><td><a href="http://hl7.org/fhir/R5/codesystem-concept-map-relationship.html#equivalent" title="equivalent">is equivalent to</a></td><td>phase-1</td></tr><tr><td>jarde-early (Jardé phase précoce)</td><td><a href="http://hl7.org/fhir/R5/codesystem-concept-map-relationship.html#equivalent" title="equivalent">is equivalent to</a></td><td>phase-1-phase-2 (Phase 1/Phase 2)</td></tr><tr><td>phase-I-first-admin (Human Pharmacology (Phase I) - First administration to humans)</td><td><a href="http://hl7.org/fhir/R5/codesystem-concept-map-relationship.html#wider" title="wider">maps to wider concept</a></td><td>phase-1</td></tr><tr><td>phase-I-bioequivalence (Human Pharmacology (Phase I) - Bioequivalence Study)</td><td><a href="http://hl7.org/fhir/R5/codesystem-concept-map-relationship.html#wider" title="wider">maps to wider concept</a></td><td>phase-1</td></tr><tr><td>phase-I-other (Human Pharmacology (Phase I) -  Other)</td><td><a href="http://hl7.org/fhir/R5/codesystem-concept-map-relationship.html#wider" title="wider">maps to wider concept</a></td><td>phase-1</td></tr><tr><td>phase-I-II-first-admin (Phase I and Phase II (Integrated) - First administration to humans)</td><td><a href="http://hl7.org/fhir/R5/codesystem-concept-map-relationship.html#wider" title="wider">maps to wider concept</a></td><td>phase-1-phase-2 (Phase 1/Phase 2)</td></tr><tr><td>phase-I-II-first-bioequivalence (Phase I and Phase II (Integrated) - Bioequivalence Study)</td><td><a href="http://hl7.org/fhir/R5/codesystem-concept-map-relationship.html#wider" title="wider">maps to wider concept</a></td><td>phase-1-phase-2 (Phase 1/Phase 2)</td></tr><tr><td>phase-I-II-other (Phase I and Phase II (Integrated) - Other)</td><td><a href="http://hl7.org/fhir/R5/codesystem-concept-map-relationship.html#wider" title="wider">maps to wider concept</a></td><td>phase-1-phase-2 (Phase 1/Phase 2)</td></tr><tr><td>phase-II (Therapeutic exploratory (Phase II))</td><td><a href="http://hl7.org/fhir/R5/codesystem-concept-map-relationship.html#equivalent" title="equivalent">is equivalent to</a></td><td>phase-2</td></tr><tr><td>phase-II-III (Phase II and Phase III (Integrated))</td><td><a href="http://hl7.org/fhir/R5/codesystem-concept-map-relationship.html#equivalent" title="equivalent">is equivalent to</a></td><td>phase-2-phase-3 (Phase 2/Phase 3)</td></tr><tr><td>phase-III (Therapeutic confirmatory  (Phase III))</td><td><a href="http://hl7.org/fhir/R5/codesystem-concept-map-relationship.html#equivalent" title="equivalent">is equivalent to</a></td><td>phase-3</td></tr></table><hr/><p><b>Group 2 </b>Mapping from <a href="CodeSystem-eclaire-study-phase-source-code-system.html">Définition des phase de l'essai utilisés dans la base de données ECLAIRE</a> to <a href="CodeSystem-eclaire-study-phase-code-system.html">Définition des type de phase de l'essai cliniques incluant https://hl7.org/fhir/R4/valueset-research-study-phase.html</a></p><table class="grid"><tr><td><b>Source Code</b></td><td><b>relation</b></td><td><b>Target Code</b></td></tr><tr><td>phase-III-IV (Phase III and phase IV (Integrated))</td><td><a href="http://hl7.org/fhir/R5/codesystem-concept-map-relationship.html#equivalent" title="equivalent">is equivalent to</a></td><td>phase-3-phase-4 (Phase 3 and phase 4)</td></tr></table></div></text><url value="https://interop.esante.gouv.fr/ig/fhir/eclaire/ConceptMap/eclaire-study-phase-concept-map"/><version value="0.3.1"/><name value="FHIR_Eclaire_phase_concept_map"/><title value="FHIR/Eclaire ResearchStudy phase Use Mapping"/><status value="draft"/><experimental value="true"/><date value="2025-07-24T16:28:48+00:00"/><publisher value="ANS"/><contact><name value="ANS"/><telecom><system value="url"/><value value="https://esante.gouv.fr"/></telecom></contact><description value="Correspondance entre la phase définie dans la base Eclaire et le ValueSet https://interop.esante.gouv.fr/ig/fhir/eclaire/ValueSet-eclaire-study-phase-vs"/><jurisdiction><coding><system value="urn:iso:std:iso:3166"/><code value="FR"/><display value="FRANCE"/></coding></jurisdiction><sourceUri value="eclaire-study-phase-source-vs"/><targetUri value="eclaire-study-phase-vs"/><group><source value="eclaire-study-phase-source-code-system"/><target value="http://terminology.hl7.org/CodeSystem/research-study-phase"/><element><code value="jarde-early"/><target><code value="phase-1"/><equivalence value="equivalent"/></target></element><element><code value="jarde-early"/><target><code value="phase-1-phase-2"/><equivalence value="equivalent"/></target></element><element><code value="phase-I-first-admin"/><target><code value="phase-1"/><equivalence value="wider"/></target></element><element><code value="phase-I-bioequivalence"/><target><code value="phase-1"/><equivalence value="wider"/></target></element><element><code value="phase-I-other"/><target><code value="phase-1"/><equivalence value="wider"/></target></element><element><code value="phase-I-II-first-admin"/><target><code value="phase-1-phase-2"/><equivalence value="wider"/></target></element><element><code value="phase-I-II-first-bioequivalence"/><target><code value="phase-1-phase-2"/><equivalence value="wider"/></target></element><element><code value="phase-I-II-other"/><target><code value="phase-1-phase-2"/><equivalence value="wider"/></target></element><element><code value="phase-II"/><target><code value="phase-2"/><equivalence value="equivalent"/></target></element><element><code value="phase-II-III"/><target><code value="phase-2-phase-3"/><equivalence value="equivalent"/></target></element><element><code value="phase-III"/><target><code value="phase-3"/><equivalence value="equivalent"/></target></element></group><group><source value="eclaire-study-phase-source-code-system"/><target value="eclaire-study-phase-code-system"/><element><code value="phase-III-IV"/><target><code value="phase-3-phase-4"/><equivalence value="equivalent"/></target></element></group></ConceptMap>