Source File	Size	loadResources	load	generateSnapshots	load-configure	scan	loadDepInfo	loadInfo	checkR4R4B	generateNarratives	validate	loadLists	checkConformanceResources	checkConformanceResources2	checkConformanceResources3	generateLogicalMaps	validateExpressions	scanForUsageStats	checkURLsUnique	processProvenanceDetails	generate1	generate2	generateLogicals	makeDependencies	generateExampleZip	generateValidationPack	scanProfilesForR5	scanExamplesForR5
/fsh-generated/resources/ImplementationGuide-ans.fhir.fr.eclaire.json	19919	-	0	0	0	0	0	0	14	102	0	0	0	0	0	0	0	1	0	1	100	127	0	0	0	6	0	1
fsh-generated/resources/CapabilityStatement-eclaire-consommateur.json	1701	7	0	0	0	0	0	0	1	42	0	0	0	0	0	0	0	0	0	0	21	36	0	1	0	1	0	0
fsh-generated/resources/CodeSystem-eclaire-group-characteristic-kind-code-system.json	1103	5	0	0	1	0	0	0	0	9	0	0	1	0	0	0	0	0	0	0	12	648	0	0	0	1	0	0
fsh-generated/resources/CodeSystem-eclaire-reglementation-precision-code-system.json	2077	6	0	0	0	0	0	0	1	8	0	0	0	0	0	0	0	0	0	0	16	71	0	0	0	1	0	0
fsh-generated/resources/CodeSystem-eclaire-regulation-code-code-system.json	862	5	0	0	0	0	0	0	0	6	0	0	0	0	0	0	0	0	0	0	9	43	0	0	0	0	0	0
fsh-generated/resources/CodeSystem-eclaire-status-recruitment-code-system.json	868	5	0	0	0	0	0	0	1	5	0	0	0	0	0	0	0	0	0	0	9	37	0	0	0	1	0	0
fsh-generated/resources/CodeSystem-eclaire-study-party-organization-type-code-system.json	1097	5	0	0	0	0	0	0	0	6	0	0	0	0	0	0	0	0	0	0	10	36	0	0	0	0	0	0
fsh-generated/resources/CodeSystem-eclaire-study-party-role-code-system.json	2105	5	0	0	0	0	0	0	1	7	0	0	0	0	0	0	0	0	0	0	13	39	0	0	0	1	0	0
fsh-generated/resources/CodeSystem-eclaire-study-phase-code-system.json	819	5	0	0	0	0	0	0	0	5	0	0	0	0	0	0	0	0	0	0	9	31	0	0	0	1	0	0
fsh-generated/resources/CodeSystem-eclaire-study-phase-source-code-system.json	1979	5	0	0	0	0	0	0	0	7	0	0	0	0	0	0	0	0	0	0	13	40	0	0	0	0	0	0
fsh-generated/resources/CodeSystem-eclaire-study-population-code-system.json	1768	6	0	0	1	0	0	0	1	6	0	0	0	0	0	0	0	0	0	0	11	32	0	0	0	0	0	0
fsh-generated/resources/CodeSystem-eclaire-study-status-code-system.json	1308	4	0	0	0	0	0	0	0	5	0	0	0	0	0	0	0	0	0	0	10	29	0	0	0	1	0	0
fsh-generated/resources/CodeSystem-eclaire-study-title-type-code-system.json	2796	6	0	0	0	0	0	0	1	8	0	0	0	0	0	0	0	1	0	0	14	31	0	0	0	1	0	0
fsh-generated/resources/CodeSystem-eclaire-type-contact-code-system.json	720	4	0	0	0	0	0	0	0	5	0	0	0	0	0	0	0	0	0	0	9	26	0	0	0	0	0	0
fsh-generated/resources/ConceptMap-eclaire-study-phase-concept-map.json	3295	6	0	0	0	0	0	0	1	25	0	0	0	0	0	0	0	0	0	0	15	29	0	0	0	1	0	0
fsh-generated/resources/ConceptMap-eclaire-study-status-concept-map.json	2764	6	0	0	0	0	0	0	0	12	0	0	0	0	0	0	0	0	0	0	13	26	0	0	0	0	0	1
fsh-generated/resources/ResearchStudy-2022-500014-26-00-example.json	11079	9	0	0	0	0	0	0	2	275	0	0	0	0	0	0	0	0	0	0	27	43	0	0	0	0	0	0
fsh-generated/resources/ResearchStudy-fake-study-example.json	10677	8	0	0	0	0	0	0	1	25	0	0	0	0	0	0	0	0	0	0	26	24	0	0	0	0	0	0
fsh-generated/resources/StructureDefinition-eclaire-approval-date.json	1409	5	0	11	1	0	0	0	1	66	0	0	0	0	0	0	0	0	0	0	30	489	0	0	0	1	0	0
fsh-generated/resources/StructureDefinition-eclaire-arm-intervention.json	2667	5	0	26	0	0	0	0	0	30	0	0	0	0	0	0	0	1	0	0	68	220	0	0	0	2	0	0
fsh-generated/resources/StructureDefinition-eclaire-associated-party-r5.json	6165	7	0	44	0	0	0	0	0	63	0	0	0	0	0	0	0	1	0	0	126	248	0	0	0	4	0	0
fsh-generated/resources/StructureDefinition-eclaire-contact-address.json	1351	5	0	25	0	0	0	0	0	10	0	0	0	0	0	0	0	0	0	0	28	120	0	0	0	1	0	1
fsh-generated/resources/StructureDefinition-eclaire-contact-affiliation.json	1374	4	0	24	0	0	0	0	0	10	0	0	0	0	0	0	0	0	0	0	28	121	0	0	0	2	0	0
fsh-generated/resources/StructureDefinition-eclaire-contact-name.json	1335	6	0	23	0	0	0	0	0	9	0	0	0	0	0	0	0	0	0	0	27	101	0	0	0	0	0	0
fsh-generated/resources/StructureDefinition-eclaire-contact-type.json	1555	4	0	28	0	0	0	0	0	11	0	0	0	0	0	0	0	0	0	0	28	99	0	0	0	2	0	0
fsh-generated/resources/StructureDefinition-eclaire-description-summary-r5.json	1829	5	0	25	0	0	0	0	0	9	0	0	0	0	0	0	0	0	0	0	30	99	0	0	0	1	0	0
fsh-generated/resources/StructureDefinition-eclaire-group.json	1660	6	0	60	0	0	0	0	0	25	0	0	0	0	0	0	0	2	0	0	93	215	0	0	0	6	1	0
fsh-generated/resources/StructureDefinition-eclaire-label-r5.json	3043	6	0	31	0	0	0	0	0	16	0	0	0	0	0	0	0	0	0	0	61	114	0	0	0	3	0	0
fsh-generated/resources/StructureDefinition-eclaire-location.json	1073	4	0	74	1	0	0	0	0	22	0	0	1	0	0	0	0	2	0	0	106	231	0	0	0	6	0	1
fsh-generated/resources/StructureDefinition-eclaire-outcome-measure-r5.json	4742	7	0	39	0	0	0	0	0	23	0	0	0	0	0	0	0	1	0	0	95	142	0	0	0	4	0	0
fsh-generated/resources/StructureDefinition-eclaire-recruitment-period.json	1452	5	0	25	0	0	0	0	0	10	0	0	0	0	0	0	0	0	0	0	27	54	0	0	0	2	0	0
fsh-generated/resources/StructureDefinition-eclaire-recruitment-status.json	1549	4	0	25	0	0	0	0	0	10	0	0	0	0	0	0	0	0	0	0	28	58	0	0	0	1	0	0
fsh-generated/resources/StructureDefinition-eclaire-researchstudy.json	16355	9	0	99	0	0	0	0	1	75	0	0	0	0	0	0	0	2	0	0	335	505	0	0	0	14	0	1
fsh-generated/resources/StructureDefinition-eclaire-review-date.json	1563	5	0	14	0	0	0	0	0	10	0	0	0	0	0	0	0	0	0	0	28	62	0	0	0	1	0	0
fsh-generated/resources/StructureDefinition-eclaire-site-contact-name.json	1419	5	0	12	0	0	0	0	0	8	0	0	0	0	0	0	0	0	0	0	27	50	0	0	0	2	0	0
fsh-generated/resources/StructureDefinition-eclaire-therapeutic-area.json	1432	5	0	13	0	0	0	0	0	9	0	0	0	0	0	0	0	0	0	0	27	59	0	0	0	1	0	0
fsh-generated/resources/ValueSet-eclaire-category-vs.json	918	4	0	0	0	0	0	0	0	33	0	0	0	0	0	0	0	0	0	0	11	73	0	0	0	1	0	0
fsh-generated/resources/ValueSet-eclaire-group-characteristic-kind-vs.json	706	5	0	0	1	0	0	0	0	5	0	0	0	0	0	0	0	0	0	0	8	37	0	0	0	0	0	0
fsh-generated/resources/ValueSet-eclaire-reglementation-precision-vs.json	724	4	0	0	0	0	0	0	0	4	0	0	0	0	0	0	0	0	0	0	8	51	0	0	0	0	0	0
fsh-generated/resources/ValueSet-eclaire-regulation-code-vs.json	622	4	0	0	0	0	0	0	1	5	0	0	0	0	0	0	0	0	0	0	8	38	0	0	0	1	0	0
fsh-generated/resources/ValueSet-eclaire-status-recruitment-vs.json	682	5	0	0	0	0	0	0	0	4	0	0	0	0	0	0	0	0	0	0	7	30	0	0	0	0	0	0
fsh-generated/resources/ValueSet-eclaire-study-outcome-type-vs.json	823	4	0	0	0	0	0	0	0	14	0	0	0	0	0	0	0	0	0	0	9	33	0	0	0	0	0	0
fsh-generated/resources/ValueSet-eclaire-study-party-organization-type-vs.json	729	4	0	0	0	0	0	0	0	5	0	0	0	0	0	0	0	0	0	0	8	33	0	0	0	1	0	0
fsh-generated/resources/ValueSet-eclaire-study-party-role-vs.json	771	5	0	0	0	0	0	0	0	5	0	0	0	0	0	0	0	0	0	0	8	43	0	0	0	0	0	0
fsh-generated/resources/ValueSet-eclaire-study-phase-source-vs.json	728	4	0	0	0	0	0	0	0	4	0	0	0	0	0	0	0	0	0	0	8	44	0	0	0	0	0	0
fsh-generated/resources/ValueSet-eclaire-study-phase-vs.json	738	5	0	0	0	0	0	0	1	5	0	0	0	0	0	0	0	0	0	0	8	43	0	0	0	0	0	0
fsh-generated/resources/ValueSet-eclaire-study-population-vs.json	654	5	0	0	0	0	0	0	0	4	0	0	0	0	0	0	0	0	0	0	7	39	0	0	0	0	0	0
fsh-generated/resources/ValueSet-eclaire-study-status-vs.json	631	4	0	0	0	0	0	0	0	4	0	0	0	0	0	0	0	1	0	0	7	38	0	0	0	1	0	0
fsh-generated/resources/ValueSet-eclaire-study-title-type-vs.json	717	5	0	0	1	0	0	0	0	4	0	0	0	0	0	0	0	0	0	0	8	42	0	0	0	0	0	0
fsh-generated/resources/ValueSet-eclaire-type-contact-vs.json	625	4	0	0	0	0	0	0	0	5	0	0	0	0	0	0	0	0	0	0	7	30	0	0	0	0	0	0
/fsh-generated/includes/fsh-link-references.md	3692	-	-	-	0	0	0	0	0	0	0	0	0	0	0	0	0	0	0	0	0	0	0	0	0	0	0	0
/fsh-generated/includes/menu.xml	2399	-	-	-	0	0	0	0	0	0	0	0	0	0	0	0	0	0	0	0	0	0	0	0	0	0	0	0
/input/data/features.yml	179	-	-	-	0	0	0	0	0	0	0	0	0	0	0	0	0	0	0	0	0	0	0	0	0	0	0	0
/input/pagecontent/st_flux1.md	5730	-	-	-	0	0	0	0	0	0	0	0	0	0	0	0	0	0	0	0	0	0	0	0	0	0	0	0
/input/pagecontent/st_flux2.md	5731	-	-	-	0	0	0	0	0	0	0	0	0	0	0	0	0	0	0	0	0	0	0	0	0	0	0	0
/input/pagecontent/specifications_techniques.md	0	-	-	-	0	0	0	0	0	0	0	0	0	0	0	0	0	0	0	0	0	0	0	0	0	0	0	0
/input/pagecontent/about.md	2018	-	-	-	0	0	0	0	0	0	0	0	0	0	0	0	0	0	0	0	0	1	0	0	0	0	0	0
/input/pagecontent/modifiers.md	16233	-	-	-	0	0	0	0	0	0	0	0	0	0	0	0	0	0	0	0	0	0	0	0	0	0	0	0
/input/pagecontent/mapping.md	1492	-	-	-	0	0	0	0	0	0	0	0	0	0	0	0	0	0	0	0	0	0	0	0	0	0	0	0
/input/pagecontent/search_param.md	11035	-	-	-	0	0	0	0	0	0	0	0	0	0	0	0	0	0	0	0	0	0	0	0	0	0	0	0
/input/pagecontent/securite.md	910	-	-	-	0	0	0	0	0	0	0	0	0	0	0	0	0	0	0	0	0	0	0	0	0	0	0	0
/input/pagecontent/construction_des_flux.md	226	-	-	-	0	0	0	0	0	0	0	0	0	0	0	0	0	0	0	0	0	0	0	0	0	0	0	0
/input/pagecontent/downloads.md	958	-	-	-	0	0	0	0	0	0	0	0	0	0	0	0	0	0	0	0	0	0	0	0	0	0	0	0
/input/pagecontent/change-log.md	4696	-	-	-	0	0	0	0	0	0	0	0	0	0	0	0	0	0	0	0	0	1	0	0	0	0	0	0
/input/pagecontent/index.md	4419	-	-	-	0	0	0	0	0	0	0	0	0	0	0	0	0	0	0	0	0	0	0	0	0	0	0	0
/input/pagecontent/autres_ressources.md	0	-	-	-	0	0	0	0	0	0	0	0	0	0	0	0	0	0	0	0	0	0	0	0	0	0	0	0
/template/config	0	-	-	-	0	0	0	0	0	0	0	0	0	0	0	0	0	0	0	0	0	0	0	0	0	0	0	0
/template/config/_config.yml	140	-	-	-	0	0	0	0	0	0	0	0	0	0	0	0	0	0	0	0	0	0	0	0	0	0	0	0
/input/images	0	-	-	-	0	0	0	0	0	0	0	0	0	0	0	0	0	0	0	0	0	0	0	0	0	0	0	0
/input/images/anImage.png	36288	-	-	-	0	0	0	0	0	0	0	0	0	0	0	0	0	0	0	0	0	0	0	0	0	0	0	0
/temp/pages/_includes/artifacts.xml	25971	-	-	-	-	-	-	-	-	-	-	-	-	-	-	-	-	-	-	-	-	1	0	0	0	0	0	0
