<?xml version="1.0" encoding="UTF-8"?>

<CodeSystem xmlns="http://hl7.org/fhir">
  <id value="eclaire-group-characteristic-kind-code-system"/>
  <text>
    <status value="generated"/><div xmlns="http://www.w3.org/1999/xhtml"><p class="res-header-id"><b>Generated Narrative: CodeSystem eclaire-group-characteristic-kind-code-system</b></p><a name="eclaire-group-characteristic-kind-code-system"> </a><a name="hceclaire-group-characteristic-kind-code-system"> </a><a name="eclaire-group-characteristic-kind-code-system-fr-FR"> </a><p>This case-sensitive code system <code>https://interop.esante.gouv.fr/ig/fhir/eclaire/CodeSystem/eclaire-group-characteristic-kind-code-system</code> defines the following codes:</p><table class="codes"><tr><td style="white-space:nowrap"><b>Code</b></td><td><b>Display</b></td></tr><tr><td style="white-space:nowrap">grp-gender<a name="eclaire-group-characteristic-kind-code-system-grp-gender"> </a></td><td>Gender (Genre)</td></tr><tr><td style="white-space:nowrap">grp-studypop<a name="eclaire-group-characteristic-kind-code-system-grp-studypop"> </a></td><td>Study Population (Population de l'étude)</td></tr><tr><td style="white-space:nowrap">grp-category<a name="eclaire-group-characteristic-kind-code-system-grp-category"> </a></td><td>Research Study Group Category (Catégorie du groupe d'étude)</td></tr><tr><td style="white-space:nowrap">grp-age<a name="eclaire-group-characteristic-kind-code-system-grp-age"> </a></td><td>Age (Age)</td></tr><tr><td style="white-space:nowrap">grp-other<a name="eclaire-group-characteristic-kind-code-system-grp-other"> </a></td><td>Other (Autre)</td></tr></table></div>
  </text>
  <url value="https://interop.esante.gouv.fr/ig/fhir/eclaire/CodeSystem/eclaire-group-characteristic-kind-code-system"/>
  <version value="0.3.1"/>
  <name value="EclaireGroupCharacteristicKindCS"/>
  <title value="Codes pour le type de caractéristique du groupe"/>
  <status value="draft"/>
  <date value="2025-05-19T15:05:23+00:00"/>
  <publisher value="ANS"/>
  <contact>
    <name value="ANS"/>
    <telecom>
      <system value="url"/>
      <value value="https://esante.gouv.fr"/>
    </telecom>
  </contact>
  <description value="Codes pour le type de caractéristique du groupe de l'étude"/>
  <jurisdiction>
    <coding>
      <system value="urn:iso:std:iso:3166"/>
      <code value="FR"/>
      <display value="FRANCE"/>
    </coding>
  </jurisdiction>
  <caseSensitive value="true"/>
  <content value="complete"/>
  <count value="5"/>
  <concept>
    <code value="grp-gender"/>
    <display value="Gender (Genre)"/>
  </concept>
  <concept>
    <code value="grp-studypop"/>
    <display value="Study Population (Population de l'étude)"/>
  </concept>
  <concept>
    <code value="grp-category"/>
    <display value="Research Study Group Category (Catégorie du groupe d'étude)"/>
  </concept>
  <concept>
    <code value="grp-age"/>
    <display value="Age (Age)"/>
  </concept>
  <concept>
    <code value="grp-other"/>
    <display value="Other (Autre)"/>
  </concept>
</CodeSystem>