<?xml version="1.0" encoding="UTF-8"?>

<CodeSystem xmlns="http://hl7.org/fhir">
  <id value="eclaire-study-population-code-system"/>
  <text>
    <status value="generated"/><div xmlns="http://www.w3.org/1999/xhtml"><p class="res-header-id"><b>Generated Narrative: CodeSystem eclaire-study-population-code-system</b></p><a name="eclaire-study-population-code-system"> </a><a name="hceclaire-study-population-code-system"> </a><a name="eclaire-study-population-code-system-fr-FR"> </a><p>This case-sensitive code system <code>https://interop.esante.gouv.fr/ig/fhir/eclaire/CodeSystem/eclaire-study-population-code-system</code> defines the following codes:</p><table class="codes"><tr><td style="white-space:nowrap"><b>Code</b></td><td><b>Display</b></td></tr><tr><td style="white-space:nowrap">incap-pop<a name="eclaire-study-population-code-system-incap-pop"> </a></td><td>Incapacitated population (Population en situation de handicap)</td></tr><tr><td style="white-space:nowrap">minors<a name="eclaire-study-population-code-system-minors"> </a></td><td>Minors (Mineurs)</td></tr><tr><td style="white-space:nowrap">nursing<a name="eclaire-study-population-code-system-nursing"> </a></td><td>Nursing women (Femmes allaitant)</td></tr><tr><td style="white-space:nowrap">other<a name="eclaire-study-population-code-system-other"> </a></td><td>Other (Autres)</td></tr><tr><td style="white-space:nowrap">pregnant<a name="eclaire-study-population-code-system-pregnant"> </a></td><td>Pregnant women (Femmes enceintes)</td></tr><tr><td style="white-space:nowrap">emergency-situation<a name="eclaire-study-population-code-system-emergency-situation"> </a></td><td>Subjects in emergency situation (Sujets en situation d'urgence)</td></tr><tr><td style="white-space:nowrap">incap-consent<a name="eclaire-study-population-code-system-incap-consent"> </a></td><td>Subjects incapable of giving consent personally (Sujets incapables de donner leur consentement personnel)</td></tr><tr><td style="white-space:nowrap">no-using-contraception<a name="eclaire-study-population-code-system-no-using-contraception"> </a></td><td>Women of child bearing potential not using contraception (Femmes en âge de procréer n'utilisant pas de contraception)</td></tr><tr><td style="white-space:nowrap">using-contraception<a name="eclaire-study-population-code-system-using-contraception"> </a></td><td>Women of child bearing potential using contraception (Femmes en âge de procréer utilisant une méthode de contraception)</td></tr></table></div>
  </text>
  <url value="https://interop.esante.gouv.fr/ig/fhir/eclaire/CodeSystem/eclaire-study-population-code-system"/>
  <version value="0.3.1"/>
  <name value="EclaireStudyPopulationCS"/>
  <title value="Codes pour caractériser la population de l'étude"/>
  <status value="draft"/>
  <date value="2025-05-19T15:05:23+00:00"/>
  <publisher value="ANS"/>
  <contact>
    <name value="ANS"/>
    <telecom>
      <system value="url"/>
      <value value="https://esante.gouv.fr"/>
    </telecom>
  </contact>
  <description value="Codes pour caractériser la population ciblée par l'étude"/>
  <jurisdiction>
    <coding>
      <system value="urn:iso:std:iso:3166"/>
      <code value="FR"/>
      <display value="FRANCE"/>
    </coding>
  </jurisdiction>
  <caseSensitive value="true"/>
  <content value="complete"/>
  <count value="9"/>
  <concept>
    <code value="incap-pop"/>
    <display value="Incapacitated population (Population en situation de handicap)"/>
  </concept>
  <concept>
    <code value="minors"/>
    <display value="Minors (Mineurs)"/>
  </concept>
  <concept>
    <code value="nursing"/>
    <display value="Nursing women (Femmes allaitant)"/>
  </concept>
  <concept>
    <code value="other"/>
    <display value="Other (Autres)"/>
  </concept>
  <concept>
    <code value="pregnant"/>
    <display value="Pregnant women (Femmes enceintes)"/>
  </concept>
  <concept>
    <code value="emergency-situation"/>
    <display value="Subjects in emergency situation (Sujets en situation d'urgence)"/>
  </concept>
  <concept>
    <code value="incap-consent"/>
    <display value="Subjects incapable of giving consent personally (Sujets incapables de donner leur consentement personnel)"/>
  </concept>
  <concept>
    <code value="no-using-contraception"/>
    <display value="Women of child bearing potential not using contraception (Femmes en âge de procréer n'utilisant pas de contraception)"/>
  </concept>
  <concept>
    <code value="using-contraception"/>
    <display value="Women of child bearing potential using contraception (Femmes en âge de procréer utilisant une méthode de contraception)"/>
  </concept>
</CodeSystem>