<?xml version="1.0" encoding="UTF-8"?>

<CodeSystem xmlns="http://hl7.org/fhir">
  <id value="eclaire-study-party-organization-type-code-system"/>
  <text>
    <status value="generated"/><div xmlns="http://www.w3.org/1999/xhtml"><p class="res-header-id"><b>Generated Narrative: CodeSystem eclaire-study-party-organization-type-code-system</b></p><a name="eclaire-study-party-organization-type-code-system"> </a><a name="hceclaire-study-party-organization-type-code-system"> </a><a name="eclaire-study-party-organization-type-code-system-fr-FR"> </a><p>This case-sensitive code system <code>https://interop.esante.gouv.fr/ig/fhir/eclaire/CodeSystem/eclaire-study-party-organization-type-code-system</code> defines the following codes:</p><table class="codes"><tr><td style="white-space:nowrap"><b>Code</b></td><td><b>Display</b></td></tr><tr><td style="white-space:nowrap">government<a name="eclaire-study-party-organization-type-code-system-government"> </a></td><td>Gouvernemental / Government</td></tr><tr><td style="white-space:nowrap">nonprofit<a name="eclaire-study-party-organization-type-code-system-nonprofit"> </a></td><td>Sans but lucratif / Nonprofit</td></tr><tr><td style="white-space:nowrap">academic<a name="eclaire-study-party-organization-type-code-system-academic"> </a></td><td>Académique / Academic</td></tr><tr><td style="white-space:nowrap">industry<a name="eclaire-study-party-organization-type-code-system-industry"> </a></td><td>Industriel / Industry</td></tr></table></div>
  </text>
  <url value="https://interop.esante.gouv.fr/ig/fhir/eclaire/CodeSystem/eclaire-study-party-organization-type-code-system"/>
  <version value="0.3.1"/>
  <name value="EclaireStudyPartyOrganizationTypeCS"/>
  <title value="Définition des différents types d'organisation des parties prenantes inspiré de http://hl7.org/fhir/research-study-party-organization-type"/>
  <status value="draft"/>
  <date value="2025-05-20T10:05:16+00:00"/>
  <publisher value="ANS"/>
  <contact>
    <name value="ANS"/>
    <telecom>
      <system value="url"/>
      <value value="https://esante.gouv.fr"/>
    </telecom>
  </contact>
  <description value="Différents rôles des parties impliquées dans l'essai"/>
  <jurisdiction>
    <coding>
      <system value="urn:iso:std:iso:3166"/>
      <code value="FR"/>
      <display value="FRANCE"/>
    </coding>
  </jurisdiction>
  <caseSensitive value="true"/>
  <content value="complete"/>
  <count value="4"/>
  <concept>
    <code value="government"/>
    <display value="Gouvernemental / Government"/>
  </concept>
  <concept>
    <code value="nonprofit"/>
    <display value="Sans but lucratif / Nonprofit"/>
  </concept>
  <concept>
    <code value="academic"/>
    <display value="Académique / Academic"/>
  </concept>
  <concept>
    <code value="industry"/>
    <display value="Industriel / Industry"/>
  </concept>
</CodeSystem>