<?xml version="1.0" encoding="UTF-8"?>

<ValueSet xmlns="http://hl7.org/fhir">
  <id value="eclaire-group-characteristic-kind-vs"/>
  <text>
    <status value="generated"/><div xmlns="http://www.w3.org/1999/xhtml"><p class="res-header-id"><b>Generated Narrative: ValueSet eclaire-group-characteristic-kind-vs</b></p><a name="eclaire-group-characteristic-kind-vs"> </a><a name="hceclaire-group-characteristic-kind-vs"> </a><a name="eclaire-group-characteristic-kind-vs-fr-FR"> </a><ul><li>Include tous les codes définis dans <a href="CodeSystem-eclaire-group-characteristic-kind-code-system.html"><code>https://interop.esante.gouv.fr/ig/fhir/eclaire/CodeSystem/eclaire-group-characteristic-kind-code-system</code></a></li></ul></div>
  </text>
  <url value="https://interop.esante.gouv.fr/ig/fhir/eclaire/ValueSet/eclaire-group-characteristic-kind-vs"/>
  <version value="0.3.1"/>
  <name value="EclaireGroupCharacteristicKindVS"/>
  <title value="Type de caractéristique Value Set"/>
  <status value="draft"/>
  <date value="2025-05-19T14:28:33+00:00"/>
  <publisher value="ANS"/>
  <contact>
    <name value="ANS"/>
    <telecom>
      <system value="url"/>
      <value value="https://esante.gouv.fr"/>
    </telecom>
  </contact>
  <description value="Value Set du type de caractéristique pour le groupe de la population."/>
  <jurisdiction>
    <coding>
      <system value="urn:iso:std:iso:3166"/>
      <code value="FR"/>
      <display value="FRANCE"/>
    </coding>
  </jurisdiction>
  <compose>
    <include>
      <system value="https://interop.esante.gouv.fr/ig/fhir/eclaire/CodeSystem/eclaire-group-characteristic-kind-code-system"/>
    </include>
  </compose>
</ValueSet>