{
  "resourceType" : "ValueSet",
  "id" : "eclaire-type-contact-vs",
  "text" : {
    "status" : "generated",
    "div" : "<div xmlns=\"http://www.w3.org/1999/xhtml\"><p class=\"res-header-id\"><b>Generated Narrative: ValueSet eclaire-type-contact-vs</b></p><a name=\"eclaire-type-contact-vs\"> </a><a name=\"hceclaire-type-contact-vs\"> </a><a name=\"eclaire-type-contact-vs-fr-FR\"> </a><ul><li>Include tous les codes définis dans <a href=\"CodeSystem-eclaire-type-contact-code-system.html\"><code>https://interop.esante.gouv.fr/ig/fhir/eclaire/CodeSystem/eclaire-type-contact-code-system</code></a></li></ul></div>"
  },
  "url" : "https://interop.esante.gouv.fr/ig/fhir/eclaire/ValueSet/eclaire-type-contact-vs",
  "version" : "0.3.1",
  "name" : "EclaireTypeContactVS",
  "title" : "Type Contact Value Set",
  "status" : "draft",
  "date" : "2025-05-20T12:05:22+00:00",
  "publisher" : "ANS",
  "contact" : [{
    "name" : "ANS",
    "telecom" : [{
      "system" : "url",
      "value" : "https://esante.gouv.fr"
    }]
  }],
  "description" : "Type de contact pour les essais cliniques Value Set.",
  "jurisdiction" : [{
    "coding" : [{
      "system" : "urn:iso:std:iso:3166",
      "code" : "FR",
      "display" : "FRANCE"
    }]
  }],
  "compose" : {
    "include" : [{
      "system" : "https://interop.esante.gouv.fr/ig/fhir/eclaire/CodeSystem/eclaire-type-contact-code-system"
    }]
  }
}