{
  "resourceType" : "CodeSystem",
  "id" : "349628a1-0e63-4002-903b-80e0b0c27c86-21",
  "url" : "http://hl7.org/fhir/comparison/CodeSystem/349628a1-0e63-4002-903b-80e0b0c27c86-21",
  "name" : "IntersectionEclaireStudyPhaseCSAndEclaireStudyPhaseCS",
  "title" : "Intersection of Définition des type de phase de l'essai cliniques incluant https://hl7.org/fhir/R4/valueset-research-study-phase.html And Définition des type de phase de l'essai cliniques incluant https://hl7.org/fhir/R4/valueset-research-study-phase.html",
  "status" : "draft",
  "date" : "2025-07-21T14:16:11+00:00",
  "jurisdiction" : [{
    "coding" : [{
      "system" : "urn:iso:std:iso:3166",
      "code" : "FR",
      "display" : "FRANCE"
    }]
  }],
  "concept" : [{
    "code" : "phase-3-phase-4",
    "display" : "Phase 3 and phase 4",
    "definition" : "Trials that are a combination of phases 3 and 4."
  }]
}